Subject_ID,Memory_Score,Executive_Score,MMSE,Memory_Score_Predicted,Executive_Score_Predicted,MMSE_Predicted
S0362,79.67,92.51,26.41,78.6452722420635,82.61745467435347,27.898337021034504
S0074,82.42,82.79,29.81,76.60466065434562,80.82946303210679,28.12218400446776
S0375,74.54,86.0,26.68,80.60042664488293,85.03246321789318,27.53464582930959
S0156,84.92,87.57,27.96,79.9149642911255,82.90631372474745,27.809686823731823
S0105,87.6,76.55,29.52,84.0404306259019,84.34304581168828,29.24295522727273
S0395,92.69,88.92,29.13,90.2463881024531,92.5400510128066,29.487885412226674
S0378,92.67,100.0,29.26,87.9909977453102,91.09538237914869,29.02117399572647
S0125,100.0,90.38,29.1,88.68715617604617,92.10367573953829,28.71487848124098
S0069,83.87,85.35,27.46,85.56732344696975,84.07062696428574,28.74026730255857
S0451,89.1,83.3,27.94,85.92064741341994,85.78503214285716,29.006174875541124
S0010,63.51,78.82,27.82,75.56510200840825,79.9324574062049,27.903958784271268
S0195,77.9,79.17,28.43,77.3859204699467,82.88614392371521,27.58058095959596
S0407,82.56,89.32,30.0,87.69225673007551,89.75836161075038,29.01641256216005
S0085,73.57,81.74,29.81,75.7704618560606,82.3044265589966,27.71918386224886
S0372,66.35,78.69,28.16,75.01085538059158,80.82738768370521,27.750738053474308
S0389,75.86,80.7,28.19,85.04320824855705,87.33914207070706,28.29978264790767
S0496,81.81,78.67,29.69,75.32049811507933,82.041582231241,28.124614434176937
S0031,83.98,83.34,28.17,84.30301328463203,83.93670746753249,28.130658493867223
S0317,91.5,81.8,30.0,89.84295514610392,89.40790303210683,29.01122919108669
S0409,79.35,84.51,26.94,77.16659299436677,82.9269954743867,27.7881692550505
S0491,84.25,84.42,28.6,86.9999728769841,90.70944313492069,28.75561922119547
S0492,75.41,78.96,28.52,75.71792916847045,82.63671601967482,27.898608726551203
S0281,86.23,84.8,28.94,81.72074622294373,83.1203528968254,27.6196803271728
S0357,76.38,90.0,30.0,87.21314066738817,92.264422034632,28.221391141913642
S0077,74.9,84.8,27.98,80.67341558177935,80.61711573301699,28.373023690476202
S0462,83.86,92.04,28.7,84.93233833333335,86.04533026695526,28.302453264652012
S0498,97.84,90.91,27.06,91.75327151515155,91.44582226010102,28.614619206349204
S0212,91.97,87.39,29.16,84.39923176226553,84.28752984029853,28.621245909090913
S0102,84.18,96.6,30.0,92.23476933080812,91.72481484938666,29.287389090909095
S0335,85.58,78.62,27.13,74.62307547841047,78.35644082875463,27.8168086462149
S0476,80.05,80.0,28.26,81.95061429834055,86.92770608585865,28.498855086580065
S0337,86.19,86.16,29.19,87.52949213654404,91.26528565476197,28.722589623293366
S0441,87.03,87.05,27.85,79.72519827797204,84.00589053751798,28.123522458513712
S0174,86.59,88.39,28.5,86.23710124250749,90.16168746482683,28.943224547952035
S0003,77.77,86.29,29.8,88.77624198801199,88.17239865981246,28.83139426240427
S0334,84.5,86.95,29.63,77.01513641885894,80.68914995851372,27.67979333694084
S0410,84.84,91.32,29.24,88.89863004120885,90.33787410714287,28.557092909451658
S0071,79.45,80.58,30.0,79.37386026348653,81.60767980880229,27.94383057539683
S0210,78.16,73.77,30.0,71.91157499334,76.31125529553782,27.302236629759133
S0064,84.74,89.76,30.0,81.61215410381287,83.09239863941622,28.227540257936507
S0385,64.12,81.29,29.69,75.20510983044734,78.61868219530471,27.699651490870224
S0094,83.28,78.77,24.71,75.537392507215,81.83135529220777,27.592937979797966
S0486,89.93,85.4,28.65,84.37611470238099,86.69814120490622,28.544232225829703
S0186,95.05,96.46,27.74,86.84232133214003,91.02783937798318,28.545144002525234
S0034,84.84,79.24,30.0,84.56940560064933,84.74059665223656,28.345595113636364
S0078,84.35,86.59,28.08,84.7417419390332,88.52239338203466,28.31944258491509
S0001,75.07,79.16,28.63,75.33079317099569,81.4327728878066,28.22472428585305
S0012,95.78,94.22,30.0,91.70271984848486,89.83058751984129,28.32184417943168
S0416,84.47,82.81,26.8,72.64406324494948,81.1155195045232,28.259924206765458
S0023,81.13,86.93,28.84,75.74134340728713,82.04095550144301,28.224335069375062
S0073,95.15,91.87,29.2,87.00849199585134,88.57836781024531,29.37634727994228
S0183,75.48,75.48,29.88,75.08178583194582,76.18100650238652,27.375515972222225
S0132,78.67,80.22,25.46,77.33245123112992,83.45483092324345,27.688161410533912
S0411,79.73,78.67,24.58,76.11614844877344,81.66313595598848,27.82008730769232
S0194,87.94,78.23,28.61,85.5163929199967,87.03862906024533,28.06638040404039
S0056,82.5,84.07,26.68,85.13148261724386,86.1258911263737,29.02974791708292
S0149,84.96,82.6,30.0,85.51068520923516,88.73735807539678,29.06044462121213
S0019,66.09,74.21,25.97,74.47866774045397,77.34123848845604,27.223816964285703
S0205,95.52,93.57,30.0,90.31617727480854,91.4917253436147,29.105609296536805
S0079,79.59,83.32,26.12,83.49410746031747,87.21287804834058,27.92749926767676
S0495,92.69,82.15,29.78,86.87095977244982,90.49755983946616,28.861434767316023
S0263,83.27,81.64,27.17,76.54228491522366,80.19059668192918,27.829160661976907
S0324,66.36,81.97,27.18,77.90998011002891,78.11687984473862,28.13625372335998
S0484,87.69,92.41,25.17,91.74707212301585,91.83749275703458,28.78983005411255
S0080,82.65,87.96,29.75,88.76093898358592,89.29051869769124,28.367185835137125
S0040,81.83,90.13,27.04,86.94937756493503,88.31943635191203,28.723437491674975
S0452,84.71,75.11,29.32,76.20270915764787,81.99939749833504,27.92648832251082
S0047,98.71,89.62,30.0,87.96852017884896,91.11258640241697,28.94520274600399
S0239,87.18,84.25,29.13,85.98312193362199,89.03090600288603,28.286320544871796
S0392,78.52,82.68,28.41,75.66664994408372,81.47638413503167,27.58555258477632
S0353,77.62,91.19,27.91,79.80541107600736,82.4275981503219,28.334473423520926
S0342,81.83,76.28,28.16,76.8002827314352,79.69660838383838,28.310788199161976
S0278,81.78,84.99,30.0,81.00145938311687,82.71137251623375,27.551371939033192
S0291,75.71,80.99,30.0,85.89044813852811,88.4463784974748,28.35554160533911
S0318,90.29,86.41,30.0,84.98438578463208,87.75882395743145,28.8576668101343
S0305,94.07,77.81,27.3,85.12104705627708,87.54207646374464,28.961959697663456
S0269,74.15,82.7,24.44,74.92001314033189,80.59927240967367,28.66749786893662
S0070,91.71,93.28,27.87,88.73460531385288,92.99903279852093,28.726132244422242
S0456,69.37,82.7,27.84,74.78527560966809,78.43995641774893,28.12072111152737
S0466,81.94,84.43,26.22,74.45868846667221,75.87294794094798,27.837110386002884
S0155,71.67,85.04,30.0,76.29190534992782,80.54843387806642,28.11674031857034
S0083,76.46,75.93,26.51,74.8648208676046,79.99038001970253,28.246956132894876
S0478,77.58,74.66,29.07,78.05286559523809,84.62553806984683,28.314226943056955
S0173,92.96,79.36,27.57,79.5801214578477,83.09038568896379,28.408440142496396
S0322,100.0,83.61,27.03,89.62014882867133,89.9485929058441,28.973102620851364
S0091,74.93,82.04,28.75,76.18083183802305,82.02277558802305,28.20623030122655
S0181,93.42,90.27,29.31,93.04117713633585,90.9317214035964,28.952136666250407
S0415,84.93,90.28,30.0,87.52546815268067,87.80649509199135,28.885334770784766
S0313,86.29,92.25,29.05,81.05307633463758,83.5577347916667,28.191341785714293
S0279,79.89,68.68,27.64,74.9468363776501,79.14934878968252,27.666102311438554
S0382,98.54,83.04,30.0,84.64970250541123,83.83278938492063,28.664728466533465
S0473,89.07,93.43,27.52,90.67280646103902,90.88428070193694,28.71868001817625
S0363,77.64,79.12,28.83,75.8240567063492,80.08290611263736,27.58324826062826
S0325,70.04,81.57,27.82,74.84747411616159,79.75776568528696,28.1620893546731
S0432,81.27,83.93,27.58,85.33299354617607,87.7412784036796,28.457045619658107
S0348,77.02,93.06,28.58,77.73391423118547,79.37228732683985,27.268859723054746
S0087,93.8,89.18,25.69,85.78183872474747,89.50479224206347,28.14734547979798
S0076,82.9,90.5,28.13,87.77899739808807,88.80625994408372,29.160335000000003
S0439,78.12,76.79,25.74,81.55577659521036,82.75848470848598,28.08136096001221
S0016,83.63,87.76,27.17,75.81947317279942,80.33699252525255,27.9862424260462
