Subject_ID,Age,Sex,ICV,Hippocampus,Frontal_Lobe,Temporal_Lobe,Parietal_Lobe,MMSE,Memory_Score,Executive_Score,Hippocampus_Expected,Hippocampus_Residual,Hippocampus_ZScore,Frontal_Lobe_Expected,Frontal_Lobe_Residual,Frontal_Lobe_ZScore,Temporal_Lobe_Expected,Temporal_Lobe_Residual,Temporal_Lobe_ZScore,Parietal_Lobe_Expected,Parietal_Lobe_Residual,Parietal_Lobe_ZScore,Abnormal_Regions_Count
S0362,75,Male,1545.83,7061.59,175224.07,143396.61,162625.91,26.41,79.67,92.51,6763.883657594643,297.70634240535674,0.9530135791797433,172208.81888886652,3015.2511111334898,0.5891624026685842,143207.5547192156,189.05528078437783,0.039749259369832174,165267.95452749525,-2642.044527495251,-0.6016181709643895,0
S0074,73,Female,1645.28,6859.73,170218.51,147601.04,173638.88,29.81,82.42,82.79,7019.458593584792,-159.72859358479218,-0.5113210469070959,174600.35845045443,-4381.848450454418,-0.8561875167434587,146033.77578012337,1567.2642198766407,0.3295205070097259,166865.10495688632,6773.775043113681,1.5424517299205915,0
S0375,68,Male,1272.19,6979.84,168593.21,142488.3,161390.45,26.68,74.54,86.0,6556.586225254318,423.25377474568177,1.3549143478525405,171520.76285660377,-2927.552856603783,-0.5720266775020192,142094.6374330387,393.662566961284,0.08276835967456893,163891.57263697064,-2501.1226369706274,-0.5695289426626079,0
S0156,72,Male,1520.02,6993.52,174626.76,146208.9,167966.73,27.96,84.92,87.57,6822.109806242556,171.41019375744418,0.548716029832678,173034.00654721123,1592.7534527887765,0.31121469374103317,143864.6420416748,2344.257958325208,0.492885029334562,165713.6220025167,2253.107997483312,0.5130536969852735,0
S0105,63,Male,1516.81,7439.09,162453.73,146314.78,165885.2,29.52,87.6,76.55,7116.128602914032,322.9613970859682,1.0338597239379834,176418.46534756376,-13964.73534756375,-2.728627476372505,146756.1465868745,-441.3665868745011,-0.09279822740768327,167890.93254428054,-2005.7325442805304,-0.4567239999841271,1
S0395,50,Female,1368.61,7446.9,178490.34,151875.53,164409.7,29.13,92.69,88.92,7339.165129136234,107.73487086376554,0.3448794340583629,179961.89644050752,-1471.5564405075274,-0.287533507557826,150094.4986047511,1781.0313952488941,0.3744654927481525,169389.80219610617,-4980.102196106163,-1.1340157000599662,0
S0378,54,Female,1551.52,7297.03,180196.55,152955.15,165675.51,29.26,92.67,100.0,7500.302081597866,-203.27208159786642,-0.650711880928385,180680.13181826586,-483.5818182658695,-0.09448905428949828,151059.5699318969,1895.580068103096,0.39854958544770946,170476.83670128937,-4801.326701289363,-1.0933068531477976,0
S0125,51,Male,1814.48,7286.78,179714.12,153212.32,165878.08,29.1,100.0,90.38,7993.667258543908,-706.8872585439085,-2.262878079447209,184628.74744588963,-4914.627445889637,-0.9602894112367403,154355.318456537,-1142.998456536996,-0.24031776271843333,174212.6475409171,-8334.567540917109,-1.8978587330999228,1
S0069,64,Male,1580.18,6885.6,184825.39,140116.07,172584.61,27.46,83.87,85.35,7184.7806952158335,-299.1806952158331,-0.9577332577647989,176814.07370154496,8011.316298455058,1.565364271488966,147216.161113342,-7100.091113342001,-1.4928086750221716,168362.43700658917,4222.172993410815,0.9614281543540799,0
S0451,63,Female,1465.26,7137.18,173600.86,145252.73,161588.54,27.94,89.1,83.3,7062.422045643036,74.75795435696455,0.2393141680430814,176200.0261640838,-2599.166164083814,-0.507861841593303,147058.7403605891,-1806.0103605890763,-0.3797173712885323,167286.55974614498,-5698.019746144972,-1.2974922194231924,0
S0010,85,Male,1421.62,6419.2,153378.34,135463.93,157907.18,27.82,63.51,78.82,6231.740538305204,187.45946169479612,0.6000927326486515,166883.56000120603,-13505.220001206035,-2.6388408697036407,138410.48828681212,-2946.5582868121273,-0.6195199049975537,161402.0516333661,-3494.8716333660996,-0.7958148539662796,1
S0195,77,Male,1365.79,6930.38,173689.35,138104.56,165420.94,28.43,77.9,79.17,6407.907960815126,522.4720391848741,1.6725305348279897,169243.21720163687,4446.1327983631345,0.8687483017235347,140323.86485508957,-2219.3048550895764,-0.4666133838720727,162737.6446156658,2683.2953843341966,0.6110113756526118,0
S0407,57,Male,1510.42,7569.48,182702.28,148516.24,170351.87,30.0,82.56,89.32,7305.307443775145,264.1725562248548,0.845665669380045,178622.72584586393,4079.5541541360726,0.7971209821937132,148631.1211751356,-114.88117513561156,-0.024154001984132232,169294.35501949617,1057.5149805038236,0.24080602038199223,0
S0085,77,Male,1542.43,6879.06,180802.16,139805.56,164986.6,29.81,73.57,81.74,6691.932207009514,187.12779299048634,0.5990309992087713,171406.34518040577,9395.814819594234,1.8358871716194376,142513.99755444957,-2708.4375544495706,-0.5694545341031597,164737.53717473074,249.06282526926952,0.056713927352229535,0
S0372,83,Female,1478.46,5706.12,172595.36,143309.41,162188.15,28.16,66.35,78.69,6418.801699780278,-712.681699780278,-2.2814271675768136,168753.29882017995,3842.0611798200407,0.7507162463333084,140708.39438893518,2601.015611064824,0.5468688508474686,162516.77779904706,-328.62779904706986,-0.07483161367389426,1
S0389,61,Female,1620.49,7067.56,169121.52,146271.1,167348.07,28.19,75.86,80.7,7378.505070615019,-310.94507061501827,-0.9953932196433599,178861.80535837152,-9740.285358371533,-1.9031946968617657,149634.81477933965,-3363.7147793396434,-0.7072279105633833,169535.97442252154,-2187.904422521533,-0.4982062350668197,0
S0496,75,Female,1687.03,6818.57,176146.8,146311.37,166603.44,29.69,81.81,78.67,7020.105052395476,-201.53505239547667,-0.645151326175221,174350.79024607778,1796.0097539222043,0.35092978423254545,145900.02665077455,411.34334922544076,0.086485780299709,166845.8693808529,-242.4293808529037,-0.055203430214336345,0
S0031,67,Male,1553.02,6637.65,180551.58,148245.05,162900.32,28.17,83.98,83.34,7041.382647106209,-403.7326471062097,-1.292423573987915,175340.21706088935,5211.362939110637,1.018269788226772,145902.3067557543,2342.7432442456775,0.49256655760201584,167317.0508446697,-4416.730844669684,-1.005730790968645,0
S0317,55,Female,1544.72,7981.43,178614.28,143427.48,176696.52,30.0,91.5,81.8,7456.125928001456,525.3040719985447,1.6815964005609938,180216.4405217137,-1602.1605217136967,-0.3130527798989026,150649.55721926742,-7222.077219267405,-1.518456503233196,170153.88656175477,6542.633438245219,1.4898186315350126,0
S0409,75,Female,1275.52,6453.98,169551.2,142850.3,163698.48,26.94,79.35,84.51,6358.4269639022,95.55303609779912,0.3058831068135692,169311.45150885417,239.74849114584504,0.046845450635305465,140797.7762708288,2052.5237291711965,0.4315473111095597,162186.81261578944,1511.6673842105665,0.3442207568157342,0
S0491,55,Female,1619.69,7388.03,176540.22,151509.81,162690.42,28.6,84.25,84.42,7576.672224067994,-188.642224067994,-0.6038789758085827,181134.520823844,-4594.300823844009,-0.8976994658798613,151579.0989338905,-69.28893389049335,-0.014568140034202953,171002.68607009432,-8312.266070094309,-1.8927804802746577,0
S0492,80,Female,1408.79,5994.77,170714.1,138675.44,163396.25,28.52,75.41,78.96,6406.504165015114,-411.73416501511383,-1.3180379265731637,169041.37827455727,1672.7217254427378,0.3268400257341464,140821.66819127477,-2146.2281912747712,-0.4512488658760393,162465.8686909583,930.3813090416952,0.21185649810972962,0
S0281,73,Male,1546.14,7124.44,179754.54,146671.6,170879.56,28.94,86.23,84.8,6830.866613383913,293.5733866160863,0.939783216139774,172973.4525528617,6781.0874471382995,1.3249847610734882,143862.79944036173,2808.800559638272,0.590556061168841,165763.38734670274,5116.172653297253,1.1650002117612888,0
S0357,54,Female,1479.23,6674.33,179804.89,155502.36,159447.39,30.0,76.38,90.0,7384.065030208644,-709.7350302086443,-2.271994328180671,179794.87071327717,10.019286722847028,0.001957709928987956,150163.2571327759,5339.102867224079,1.1225572953635332,169658.37976574362,-10210.989765743609,-2.325137567770917,2
S0077,73,Female,1512.83,7030.8,173346.17,140547.4,156759.0,27.98,74.9,84.8,6806.488646752554,224.31135324744628,0.7180625171832216,172978.37984545025,367.7901545497589,0.07186404154940472,144391.5482210754,-3844.1482210754184,-0.808240024090521,165365.52519325324,-8606.525193253241,-1.9597860260261117,0
S0462,65,Female,1646.2,6894.22,186107.67,144850.1,172444.56,28.7,83.86,92.04,7286.875880063983,-392.6558800639823,-1.256964774825753,177654.97439632873,8452.69560367128,1.651607201966363,148650.7870330061,-3800.6870330061065,-0.7991022204284353,168843.21323994992,3601.3467600500735,0.8200602329908121,0
S0498,52,Male,1891.93,8774.16,182803.02,161511.56,167533.37,27.06,97.84,90.91,8084.958964672798,689.2010353272017,2.2062611771879497,185196.7790445553,-2393.759044555307,-0.4677264937876753,154989.908777881,6521.651222118991,1.3711905050843294,174843.56372894827,-7310.193728948274,-1.6645992657718809,1
S0212,65,Female,1631.14,7870.69,169316.03,146503.59,164772.95,29.16,91.97,87.39,7262.6604976608605,608.0295023391391,1.946415946631423,177470.55010194323,-8154.520101943228,-1.5933454557501514,148464.060366043,-1960.4703660430096,-0.4121929032788634,168672.7060958177,-3899.756095817691,-0.888010820846124,0
S0102,50,Female,1585.88,7929.69,186302.15,152252.02,164458.11,30.0,84.18,96.6,7688.519454151263,241.17054584873677,0.7720319400487903,182622.5781431067,3679.571856893308,0.718966784555474,152788.39654174127,-536.3765417412797,-0.11277426469713041,171849.7017449515,-7391.5917449515255,-1.6831343528979228,0
S0335,75,Female,1314.09,6062.81,167550.59,141656.74,157050.63,27.13,85.58,78.62,6420.4447128589345,-357.6347128589341,-1.1448554806955966,169783.77853637407,-2233.188536374073,-0.43635195716999087,141275.99987937903,380.74012062096153,0.08005138890737805,162623.49658319852,-5572.866583198513,-1.268993677404433,0
S0476,62,Female,1146.0,6657.25,173197.35,141095.8,163969.67,28.26,80.05,80.0,6582.317483013552,74.93251698644781,0.23987297560818308,172670.79678152944,526.5532184705662,0.10288541414727317,143425.9843461278,-2330.1843461278186,-0.48992602359199033,163917.905674806,51.764325194002595,0.011787219450818922,0
S0337,58,Female,1414.68,6750.64,174402.31,153432.22,172686.2,29.19,86.19,86.16,7147.304337950716,-396.6643379507159,-1.2697965968378813,177482.7185818295,-3080.4085818295134,-0.6018937907262264,148060.10926957062,5372.110730429384,1.129497266097744,167943.70790393063,4742.492096069385,1.079909665018114,0
S0441,71,Female,1229.12,6535.35,172131.96,142770.7,162425.34,27.85,87.03,87.05,6416.788142373515,118.56185762648511,0.37953863991573,170264.9133705758,1867.0466294241778,0.3648099735455605,141525.27182994675,1245.4281700532592,0.26185381943604075,162645.32460765084,-219.9846076508402,-0.05009254610129019,0
S0174,60,Female,1500.05,7362.33,175582.47,146268.83,172734.6,28.5,86.59,88.39,7218.088577666061,144.24142233393923,0.4617437205193078,177767.3195488404,-2184.8495488404005,-0.4269068021934293,148467.19793656512,-2198.3679365651333,-0.46221135393997936,168418.3316656826,4316.268334317399,0.9828545407390806,0
S0003,57,Female,1418.02,7602.11,180756.18,157665.29,172017.58,29.8,77.77,86.29,7185.917063717458,416.19293628254127,1.3323112857833916,177904.0388253555,2852.1411746444937,0.5572916766364655,148427.22196442503,9238.06803557498,1.9423226947097747,168227.4844233658,3790.095576634194,0.8630400982517074,0
S0334,75,Female,1419.89,6431.71,170708.74,150616.92,160522.94,29.63,84.5,86.95,6590.563401985782,-158.8534019857816,-0.5085193952140142,171079.4020653242,-370.6620653241989,-0.07242519609002367,142587.7981107665,8029.121889233502,1.688139295358481,163821.34889722176,-3298.408897221758,-0.751078457303854,0
S0410,59,Male,1834.61,7264.14,186863.02,157189.02,169082.49,29.24,84.84,91.32,7760.096837907064,-495.95683790706335,-1.5876504255623598,181831.90914920624,5031.110850793746,0.9830495861524952,151999.30297653427,5189.717023465724,1.091148616245469,172472.86431655096,-3390.374316550966,-0.7720198406882076,0
S0071,74,Female,1318.67,6482.16,174746.51,139363.34,164350.81,30.0,79.45,80.58,6461.051268252495,21.108731747504862,0.06757299099541358,170220.28378156264,4526.2262184373685,0.8843980867894097,141658.48714707769,-2295.1471470776887,-0.48255938084676886,162921.31220347856,1429.4977965214348,0.3255099756233751,0
S0210,84,Female,1432.24,5916.69,171817.34,139402.76,155579.32,30.0,78.16,73.77,6311.241059176492,-394.55105917649234,-1.2630315969653387,167806.87142238757,4010.4685776124243,0.7836220652696377,139809.6190460477,-406.85904604769894,-0.08554294638697468,161747.52011491134,-6168.200114911335,-1.4045566729313819,0
S0064,67,Female,1347.96,6015.4,170649.51,152840.24,156976.62,30.0,84.74,89.76,6740.843197889444,-725.4431978894445,-2.322279105397314,173241.89916352349,-2592.389163523476,-0.5065376553859678,144301.55320905024,8538.686790949752,1.795276357915244,164974.66000564836,-7998.040005648363,-1.821228275838297,1
S0385,81,Female,1753.06,7158.25,163162.67,142512.81,163083.72,29.69,64.12,81.29,6926.822984875812,231.42701512418807,0.740841079233986,172876.87934387007,-9714.209343870054,-1.8980995963910334,144764.5194209251,-2251.7094209250936,-0.4734265101006483,166117.6823688542,-3033.962368854205,-0.6908615173322943,0
S0094,84,Female,1444.23,6181.84,162843.45,142071.21,161311.14,24.71,83.28,78.77,6330.520105326123,-148.68010532612243,-0.4759527734103108,167953.7005916892,-5110.250591689197,-0.9985130278938383,139958.28124637227,2112.928753627726,0.4442475910192339,161883.26916259696,-572.1291625969461,-0.13027914434253654,0
S0486,66,Male,1336.06,6620.96,173789.67,152752.05,164110.81,28.65,89.93,85.4,6725.769028689168,-104.80902868916837,-0.3355132670482854,173063.75031549565,725.9196845043625,0.14184045364839817,143537.95300094274,9214.096999057248,1.9372827352653532,165106.6225930337,-995.8125930337119,-0.2267558114973233,0
S0186,52,Male,1543.42,7288.8,191593.43,151114.24,177924.23,27.74,95.05,96.46,7524.580284638798,-235.78028463879764,-0.754776707637909,180928.93635954207,10664.49364045792,2.0837795808303614,150668.7858892151,445.4541107848927,0.09365763766811316,170897.78386164914,7026.446138350875,1.5999872939847908,1
S0034,63,Female,1664.87,7277.46,172551.96,148704.83,168529.0,30.0,84.84,79.24,7383.3803777470985,-105.92037774709843,-0.33907090285429,178644.44405268237,-6092.484052682383,-1.1904356918880428,149533.67462303952,-828.8446230395348,-0.17426627683605894,169546.5153265059,-1017.5153265059053,-0.23169772624576507,0
S0078,60,Female,1391.61,6696.72,181128.59,146223.9,157525.82,28.08,84.35,86.59,7043.724960946635,-347.00496094663504,-1.110827660415102,176439.36666151197,4689.223338488024,0.9162467691503967,147122.66674363828,-898.7667436382908,-0.18896754567042998,167190.58965308635,-9664.769653086347,-2.2007581556523927,1
S0001,78,Female,1808.48,7528.34,176020.68,146904.96,169802.52,28.63,75.07,79.16,7115.661053351454,412.6789466485461,1.3210623489578053,174696.80707080287,1323.872929197125,0.2586770146319478,146428.76525317263,476.19474682735745,0.1001209192552547,167483.02416777084,2319.4958322291495,0.5281708258975335,0
S0012,52,Male,1524.59,7958.38,179680.95,151619.33,184369.07,30.0,95.78,94.22,7494.303016999303,464.0769830006975,1.4855970585343958,180698.34476171475,-1017.3947617147351,-0.1987929761673996,150435.3155612659,1184.0144387340988,0.24894145684586963,170684.59332220626,13684.476677793748,3.1160829213215897,1
S0416,78,Female,1453.5,6415.9,178871.49,137105.65,161883.98,26.8,84.47,82.81,6544.879084861397,-128.9790848613975,-0.41288612902886057,170349.73296582454,8521.757034175447,1.665101400899688,142027.4218110372,-4921.771811037208,-1.0348125874313723,163463.99189525686,-1580.0118952568446,-0.3597834391638996,0
S0023,76,Male,1715.86,7532.29,178521.93,146533.33,168047.48,28.84,81.13,86.93,7004.037256345116,528.2527436548844,1.6910356490040381,173910.58230520893,4611.347694791068,0.9010303245960943,144990.030487269,1543.2995127309987,0.32448187832872843,166947.04809957437,1100.4319004256395,0.25057860316706204,0
S0073,58,Female,1359.6,6966.08,174602.9,148036.56,168712.4,29.2,95.15,91.87,7058.739712269178,-92.65971226917827,-0.29662103709963095,176808.21060475416,-2205.310604754166,-0.4309047726506091,147377.18066290877,659.3793370912317,0.13863585393861774,167320.10010188524,1392.299898114754,0.31703966735632916,0
S0183,85,Female,1293.33,6780.4,170885.98,129723.27,153279.75,29.88,75.48,75.48,6054.641653968099,725.758346031901,2.32328795343457,165725.36515031935,5160.614849680656,1.0083539088530744,137761.5943830534,-8038.32438305339,-1.6900741385015996,159928.83964262047,-6649.089642620471,-1.5140597017734345,1
S0132,77,Male,1416.77,6883.7,168974.18,141205.23,164723.48,25.46,78.67,80.22,6489.88008531122,393.81991468878005,1.2606910669668765,169867.51670547316,-893.3367054731643,-0.1745527587553904,140955.9581805729,249.27181942711468,0.052409909751736004,163314.8328100789,1408.6471899211174,0.3207620981081262,0
S0411,75,Male,1267.64,5979.06,176191.33,142461.2,166928.15,24.58,79.73,78.67,6316.574412526615,-337.51441252661425,-1.08044664318495,168802.11274974904,7389.217250250949,1.443809761954272,139758.31889700686,2702.881102993153,0.5682862788224785,162118.32754036735,4809.822459632647,1.0952414165293949,0
S0194,60,Female,1063.27,6362.64,168959.07,147556.86,161815.08,28.61,87.94,78.23,6515.778170890786,-153.13817089078566,-0.49022387353424696,172418.52517289686,-3459.455172896851,-0.6759572740268324,143051.62864067263,4505.2313593273575,0.9472341057071523,163473.171611627,-1658.0916116270237,-0.3775629185266409,0
S0056,63,Female,1477.34,6950.7,175953.77,143110.26,163948.05,26.68,82.5,84.07,7081.845805233322,-131.14580523332188,-0.41982220543235804,176347.95747060285,-394.18747060286114,-0.07702192246102184,147208.51845732974,-4098.258457329735,-0.8616672208738908,167423.3277608274,-3475.277760827419,-0.7913531465135268,0
S0149,61,Male,1451.95,6800.33,170462.75,148096.57,164934.18,30.0,84.96,82.6,7078.322948397096,-277.99294839709637,-0.8899073247754882,176385.02920643913,-5922.279206439125,-1.1571786620545248,146603.35831426334,1493.2116857366636,0.31395081028234134,167648.5200392452,-2714.340039245202,-0.6180805330083685,0
S0019,82,Male,1408.89,6050.18,171949.07,145161.34,155526.11,25.97,66.09,74.21,6310.998373661805,-260.8183736618048,-0.8349283048220466,167868.92493515255,4080.1450648474565,0.7972364426849459,139229.7525550799,5931.587444920093,1.247128389351247,161995.80897859007,-6469.6989785900805,-1.4732107750960453,0
S0205,50,Female,1401.51,7670.13,171288.07,146576.79,171688.05,30.0,95.52,93.57,7392.065931331634,278.0640686683664,0.8901349940408713,180364.7888233285,-9076.718823328498,-1.7735376833304923,150502.42073908617,-3925.630739086162,-0.8253718901197492,169762.29124271646,1925.7587572835328,0.43851322308104335,0
S0079,66,Female,1264.76,6646.65,176154.29,147168.47,163594.82,26.12,79.59,83.32,6640.3059108297475,6.3440891702521185,0.020308613776676566,172603.45324263227,3550.8367573677388,0.6938127002856064,143595.6695055656,3572.8004944343993,0.7511886097057002,164278.64314837678,-683.823148376774,-0.15571290623915673,0
S0495,59,Female,1454.29,6927.72,172689.47,151967.52,165740.4,29.78,92.69,82.15,7177.752081919305,-250.0320819193048,-0.8003993713215292,177587.36271040564,-4897.892710405635,-0.9570195419613844,148225.52714218397,3741.992857816018,0.7867616500754172,168146.2050790824,-2405.8050790824054,-0.5478242460760332,0
S0263,79,Female,1585.34,7130.85,175681.52,141830.32,166011.21,27.17,83.27,81.64,6723.625946960128,407.22405303987216,1.3036002161727112,171583.82282289848,4097.697177101509,0.8006660225926766,143336.38553318617,-1506.0655331861635,-0.316653357992464,164710.70380502456,1300.5061949754308,0.29613738534934014,0
S0324,81,Male,1591.81,6597.17,171407.6,153160.68,167218.2,27.18,66.36,81.97,6638.362651351034,-41.19265135103433,-0.13186536700148632,170489.37630655058,918.2236934494285,0.17941553040884917,141823.45056555403,11337.229434445966,2.3836756712395766,164312.76431231917,2905.435687680845,0.6615947937616109,1
S0484,50,Female,1900.0,7929.77,186348.14,160730.13,173634.56,25.17,87.69,92.41,8193.601520583446,-263.83152058344604,-0.8445739506258495,186469.28195136573,-121.14195136571652,-0.023670427602879195,156683.12301096087,4047.0069890391314,0.8508914948655206,175406.12300091548,-1771.5630009154847,-0.40340141177309313,0
S0080,57,Female,1285.1,7066.62,179615.92,154228.53,168881.27,29.75,82.65,87.96,6972.191391139571,94.42860886042854,0.302283605313683,176276.30461488248,3339.615385117533,0.6525412815601837,146779.16694631518,7449.363053684821,1.5662438146791566,166722.58338763827,2158.686612361722,0.4915530672927721,0
S0040,56,Male,1608.16,7183.69,180488.35,148541.8,174973.66,27.04,81.83,90.13,7495.70848951896,-312.01848951896045,-0.99882943394548,180200.06557079722,288.2844292027876,0.05632908859030558,150168.68522200306,-1626.8852220030676,-0.34205594462130773,170646.9147000258,4326.7452999741945,0.9852402434969646,0
S0452,80,Male,1408.9,6459.27,162092.41,129746.32,162935.82,29.32,84.71,75.11,6377.498951315554,81.77104868444621,0.26176439222089926,168629.88480842294,-6537.474808422936,-1.2773842786406924,139881.27762150567,-10134.957621505659,-2.130895564133721,162487.84524114153,447.97475885847234,0.10200802910697046,1
S0047,51,Male,1442.24,7604.5,175368.09,147633.5,175687.23,30.0,98.71,89.62,7395.132467990247,209.36753200975272,0.6702245556225466,180070.30791454384,-4702.217914543842,-0.9187858331847112,149739.970879489,-2106.470879489003,-0.4428898097763465,169998.20004212673,5689.029957873281,1.295445160821005,0
S0239,57,Female,1319.71,6864.96,163399.34,147196.75,161661.33,29.13,87.18,84.25,7027.841748707438,-162.8817487074375,-0.5214148850996648,176700.13760483486,-13300.797604834865,-2.598897931034087,147208.29111255638,-11.541112556384178,-0.002426542514532339,167114.43280718784,-5453.102807187854,-1.2417223490367657,1
S0392,82,Female,1266.26,6096.09,167532.22,138979.03,161973.59,28.41,78.52,82.68,6110.841814446827,-14.751814446826756,-0.04722331197843116,166535.1228876199,997.0971123801137,0.1948269343984889,138403.059155687,575.9708443130075,0.12109904777624594,160360.24157968664,1613.3484203133557,0.36737447671912976,0
S0353,71,Female,1380.32,6634.19,171966.37,146159.2,161243.59,27.91,77.62,91.19,6659.906722675776,-25.71672267577651,-0.08232403019699203,172116.50389588068,-150.13389588068821,-0.029335283715660444,143399.97780901846,2759.222190981556,0.5801321077796913,164357.1891622852,-3113.599162285216,-0.708995557658577,0
S0342,81,Female,1604.57,6509.39,171479.85,139732.39,170991.07,28.16,81.83,76.28,6688.061887064418,-178.67188706441812,-0.5719620657534105,171058.47539477932,421.3746052206843,0.08233412929313859,142923.41432282748,-3191.024322827463,-0.6709193889599783,164436.5000426792,6554.569957320811,1.492536688213924,0
S0278,74,Male,1599.38,7163.6,168911.6,135526.22,169838.47,30.0,81.78,84.99,6883.23040397631,280.36959602369006,0.8975154175113329,173245.00924003508,-4333.409240035078,-0.8467227788021803,144197.21362577102,-8670.993625771021,-1.823094140480706,166120.20141259307,3718.2685874069284,0.8466844231542276,0
S0291,58,Female,1170.8,6815.91,176643.42,141825.45,162315.07,30.0,75.71,80.99,6755.163072315032,60.746927684967886,0.19446225602542822,174496.1716419396,2147.248358060402,0.419559749796584,145036.2779588827,-3210.827958882699,-0.6750831439355568,165182.53377969627,-2867.4637796962634,-0.6529482362975058,0
S0318,64,Male,1818.08,7244.3,181669.78,150557.75,169749.47,30.0,90.29,86.41,7567.306556683478,-323.00655668347827,-1.034004288240207,179727.38974632026,1942.3902536797395,0.37953167633451296,150165.84730660365,391.9026933963469,0.08239834265890787,171055.9064348135,-1306.4364348135132,-0.2974877562487094,0
S0305,61,Male,1435.44,7257.71,168926.75,147295.7,175582.8,27.3,94.07,77.81,7051.776071672292,205.9339283277077,0.6592329492359585,176182.84825688368,-7256.098256883677,-1.4177990905101938,146398.65331615173,897.0466838482826,0.18860589958235993,167461.59620460885,8121.203795391135,1.8492738190314453,0
S0269,80,Female,1666.63,6611.06,176192.66,145353.83,163907.49,24.44,74.15,82.7,6821.0920932236795,-210.0320932236791,-0.6723519401315594,172198.87894284172,3993.7810571582813,0.7803614215345135,144018.58743495104,1335.2425650489458,0.28073747963858137,165385.0959182528,-1477.6059182528115,-0.336464643458592,0
S0070,50,Female,1309.52,7316.83,177009.71,152145.56,169738.8,27.87,91.71,93.28,7244.152715709907,72.67728429009276,0.23265355473030985,179238.28212741055,-2228.57212741056,-0.43544993790313724,149361.85061332685,2783.7093866731448,0.5852805907458716,168720.79375342533,1018.0062465746596,0.23180951332231886,0
S0456,84,Male,1678.55,6888.04,172873.06,147128.84,167773.74,27.84,69.37,82.7,6678.107502027306,209.93249797269436,0.6720331171402741,170410.33554441502,2462.7244555849757,0.4812019310782006,141921.8251168041,5207.014883195894,1.0947855266248288,164556.9374941355,3216.8025058645,0.7324959211670001,0
S0466,84,Female,1625.84,6311.25,161519.13,140039.48,156993.42,26.22,81.94,84.43,6622.535749298963,-311.2857492989633,-0.9964837957100755,170177.6910367991,-8658.561036799103,-1.691832101564328,142210.03622559985,-2170.5562255998375,-0.4563638848394511,163939.43134359663,-6946.01134359662,-1.5816715413173563,0
S0155,77,Male,1553.33,6539.95,169344.43,140728.48,167762.87,30.0,71.67,85.04,6709.458612600087,-169.50861260008696,-0.5426287135523744,171539.82624340724,-2195.3962434072455,-0.42896756452538587,142649.14500929005,-1920.6650092900381,-0.4038237456265726,164860.94539989947,2901.924600100523,0.6607952863853398,0
S0083,82,Female,1659.57,6573.75,179227.87,146275.79,170244.69,26.51,76.46,75.93,6743.255629385201,-169.50562938520125,-0.5426191637246054,171351.58498753828,7876.285012461711,1.5389799492686642,143279.65048259636,2996.1395174036443,0.6299444601143475,164813.24057428484,5431.449425715167,1.2367916721987255,0
S0478,76,Female,1506.29,6572.77,183764.3,146322.69,163310.07,29.07,77.58,74.66,6696.246055824362,-123.47605582436154,-0.39526990575144433,171757.03508728003,12007.264912719955,2.3461492209837678,143333.35813126853,2989.331868731475,0.6285131380605754,164553.59569215757,-1243.5256921575638,-0.28316239362260515,1
S0173,71,Female,1447.02,6968.33,167854.95,148738.07,166717.97,27.57,92.96,79.36,6767.155461473136,201.17453852686413,0.6439972539794645,172933.31003369705,-5078.360033697041,-0.9922817996887562,144226.9810418497,4511.0889581503,0.948465677837439,165112.3569254738,1605.6130745261908,0.3656130663659654,0
S0322,53,Male,1449.55,7371.87,185576.29,149261.42,167203.19,27.03,100.0,83.61,7340.401916843194,31.468083156805733,0.10073520878624591,179398.98853495883,6177.301465041179,1.2070085173714418,149179.20538824055,82.21461175946752,0.01728579023690075,169589.03976198216,-2385.8497619821574,-0.5432802343268265,0
S0091,82,Male,1440.18,6468.0,166090.13,140398.0,164655.08,28.75,74.93,82.04,6361.310413196578,106.68958680342166,0.3415332846429384,168252.10130775036,-2161.9713077503548,-0.4224365279135616,139617.7125424156,780.2874575844035,0.164057033508224,162350.069837813,2305.0101621869835,0.524872303777536,0
S0181,52,Female,1542.61,7719.75,183115.65,152539.17,171258.13,29.31,93.42,90.27,7552.459949355477,167.29005064452303,0.53552668256163,181331.8576473185,1783.7923526814848,0.34854257560412627,151600.49726463668,938.6727353633323,0.1973578620313794,170867.88201260185,390.24798739815014,0.08886310505280885,0
S0415,60,Male,1394.47,7022.6,176891.83,150849.84,167083.03,30.0,84.93,90.28,7019.141546822678,3.4584531773225535,0.011071154259985349,176061.54961035505,830.2803896449332,0.16223192404957903,146216.373008806,4633.466991194,0.9741959095265074,167243.70130594977,-160.6713059497706,-0.03658635431992528,0
S0313,71,Female,1527.29,7166.1,180562.89,144350.1,166191.59,29.05,86.29,92.25,6896.2237712672,269.8762287328,0.8639241898648544,173916.29397196573,6646.596028034284,1.2987059256806235,145222.23665653283,-872.1366565328208,-0.1833685154026438,166021.16226806972,170.42773193027824,0.0388079834758529,0
S0279,80,Female,1488.42,6267.77,167329.62,143276.7,159804.24,27.64,79.89,68.68,6534.543401453402,-266.7734014534017,-0.8539914604939443,170016.52479261303,-2686.9047926130297,-0.5250054556028464,141808.9885425544,1467.7114574456064,0.3085893351406487,163367.42804602138,-3563.188046021387,-0.8113711380488523,0
S0382,65,Male,1596.53,7268.52,179776.98,154319.23,167388.32,30.0,98.54,83.04,7177.828054410411,90.69194558958952,0.29032184860685745,176633.8765892574,3143.103410742624,0.6141439930065461,147093.1817566352,7226.048243364814,1.5192914191697244,168301.58782234415,-913.2678223441471,-0.20795959763789576,0
S0473,59,Female,1805.28,7652.0,184647.49,152016.19,168416.26,27.52,89.07,93.43,7742.118421206941,-90.1184212069411,-0.28848588998992475,181885.575398744,2761.914601255994,0.5396619327767116,152577.39917653834,-561.2091765383375,-0.11799537694159799,172120.0631480713,-3703.8031480712816,-0.8433905077547176,0
S0363,75,Male,1685.1,6968.61,177622.82,148127.18,157062.91,28.83,77.64,79.12,6987.819667374378,-19.209667374378114,-0.06149373141127618,173914.31500301472,3708.5049969852844,0.7246201506284998,144934.34242890685,3192.837571093143,0.6713006281156125,166844.74934577523,-9781.839345775225,-2.2274160161304737,1
S0325,79,Male,1656.74,6624.95,179904.08,146709.79,162109.81,27.82,70.04,81.57,6809.249857531389,-184.29985753138953,-0.5899782498726703,172045.34449267012,7858.735507329868,1.5355508787773395,143279.9089134701,3429.881086529902,0.7211395119486376,165539.8154352335,-3430.005435233499,-0.7810442158972288,0
S0432,61,Male,1273.32,6911.48,183431.96,147662.08,167454.55,27.58,81.27,83.93,6791.09892723709,120.38107276290975,0.3853622871865744,174197.53174919565,9234.42825080434,1.8043531815396032,144388.55190525818,3273.528094741807,0.6882659757107237,165626.09698769532,1828.4530123046716,0.41635579775785675,0
S0348,78,Male,1545.7,6971.39,167965.83,148993.52,159538.35,28.58,77.02,93.06,6663.947879495403,307.44212050459737,0.984179622393642,171065.97079251643,-3100.1407925164385,-0.6057493490959243,142228.84125193418,6764.6787480658095,1.4222875393633472,164528.59812028322,-4990.248120283213,-1.1363260215865782,0
S0087,58,Male,1312.71,7165.85,174210.22,149684.68,165832.69,25.69,93.8,89.18,6954.161924004761,211.68807599523916,0.6776530501295305,175821.15659173272,-1610.9365917327232,-0.31476757256718346,145854.04418694673,3830.635813053261,0.8053990126733561,166809.94944262525,-977.2594426252472,-0.22253108617638043,0
S0076,57,Female,1375.69,7288.71,176475.63,150017.7,168514.52,28.13,82.9,90.5,7117.853508795536,170.85649120446396,0.5469435245929403,177385.66695408465,-910.0369540846441,-0.1778158894978921,147902.37868337936,2115.321316620655,0.4447506322808692,167748.2302792013,766.2897207986971,0.17449131362399173,0
S0439,69,Female,1401.5,6505.59,177674.53,145202.14,161576.03,25.74,78.12,76.79,6760.447117426079,-254.85711742607873,-0.8158452107377379,173136.7109346319,4537.819065368094,0.8866632611645243,144313.9865102124,888.1534897876263,0.18673608734608366,165088.90910619654,-3512.8791061965458,-0.7999153234152994,0
S0016,79,Male,1518.81,5890.81,171405.49,148364.76,163459.69,27.17,83.63,87.76,6587.468470090313,-696.6584700903122,-2.2301338180516583,170356.25797709273,1049.2320229072648,0.20501379049006704,141569.73566152988,6795.024338470132,1.4286677617972703,163978.19190335044,-518.5019033504359,-0.11806771743963525,1
