Subject_ID,Age,Sex,ICV,Hippocampus,Frontal_Lobe,Temporal_Lobe,Parietal_Lobe,MMSE,Memory_Score,Executive_Score
S0001,78,Female,1808.48,7528.34,176020.68,146904.96,169802.52,28.63,75.07,79.16
S0002,64,Female,1359.34,6410.95,167128.6,141275.48,167111.11,30.0,77.95,83.25
S0003,57,Female,1418.02,7602.11,180756.18,157665.29,172017.58,29.8,77.77,86.29
S0004,70,Female,1473.93,6967.69,181664.9,142393.03,170093.43,29.56,78.62,90.7
S0005,68,Female,1517.73,6705.13,182911.69,134363.81,165233.25,27.74,76.56,95.19
S0006,72,Male,1546.57,6465.94,177133.31,144229.93,172876.88,29.52,75.11,76.42
S0007,60,Male,1552.59,7102.14,174814.07,147697.29,167427.47,28.15,85.35,83.84
S0008,60,Male,1428.32,6432.04,169735.35,151785.95,168776.91,29.19,82.36,87.59
S0009,73,Male,1550.22,6698.46,166151.56,145398.72,163607.81,26.1,74.22,80.1
S0010,85,Male,1421.62,6419.2,153378.34,135463.93,157907.18,27.82,63.51,78.82
S0011,73,Male,1536.9,6682.45,176462.03,142680.19,169904.71,26.69,81.53,87.45
S0012,52,Male,1524.59,7958.38,179680.95,151619.33,184369.07,30.0,95.78,94.22
S0013,71,Female,1564.43,7434.62,178569.21,135103.06,164380.78,29.85,80.44,86.78
S0014,51,Female,1545.7,7991.24,187938.5,156680.75,176271.59,28.86,91.2,99.78
S0015,73,Male,1383.64,6664.64,171653.15,138696.09,162053.39,30.0,79.99,74.54
S0016,79,Male,1518.81,5890.81,171405.49,148364.76,163459.69,27.17,83.63,87.76
S0017,51,Female,1548.01,7400.91,178504.52,152446.19,178737.24,26.9,83.51,88.67
S0018,70,Male,1256.33,6466.89,168945.55,144896.49,158038.74,27.02,78.86,87.24
S0019,82,Male,1408.89,6050.18,171949.07,145161.34,155526.11,25.97,66.09,74.21
S0020,61,Female,1541.22,7209.97,176372.73,150191.27,167860.99,29.41,88.28,82.52
S0021,71,Male,1706.39,7632.61,174131.69,149291.93,170556.78,26.76,82.1,86.69
S0022,74,Female,1573.74,6351.87,172993.24,143297.48,167447.58,27.17,79.92,72.6
S0023,76,Male,1715.86,7532.29,178521.93,146533.33,168047.48,28.84,81.13,86.93
S0024,77,Female,1390.24,6730.78,166369.62,138658.7,162746.28,28.22,83.27,86.96
S0025,65,Female,1487.53,7111.76,174867.7,144329.94,170202.24,28.63,87.16,86.43
S0026,64,Female,1570.86,6977.21,177776.71,155849.73,154717.94,28.82,88.81,86.83
S0027,52,Male,1101.05,6644.39,180913.68,142273.6,162282.9,28.42,84.06,86.4
S0028,56,Female,1676.62,7142.07,179422.96,151160.63,170571.57,26.61,94.55,92.43
S0029,70,Male,1170.86,6896.32,166061.25,141719.25,165099.91,27.76,78.18,84.82
S0030,58,Male,1599.54,7905.59,176572.69,147697.01,176348.89,29.95,85.89,83.52
S0031,67,Male,1553.02,6637.65,180551.58,148245.05,162900.32,28.17,83.98,83.34
S0032,53,Male,1099.06,6702.8,184905.26,148244.36,171946.53,29.55,90.57,89.75
S0033,74,Female,1106.64,6274.9,160910.9,135200.22,158186.52,27.07,73.39,79.31
S0034,63,Female,1664.87,7277.46,172551.96,148704.83,168529.0,30.0,84.84,79.24
S0035,58,Male,1632.21,6917.71,178542.52,144551.43,172620.74,25.01,94.68,91.78
S0036,75,Male,1317.87,6229.47,170219.23,144727.17,161382.01,28.1,70.87,80.45
S0037,51,Female,1317.72,7851.89,181997.47,149171.37,173290.43,30.0,99.68,91.09
S0038,69,Male,1526.89,6773.34,169817.02,145439.39,164275.08,30.0,80.79,80.84
S0039,77,Female,1448.09,6503.09,165211.52,144846.52,161476.06,27.57,66.17,82.94
S0040,56,Male,1608.16,7183.69,180488.35,148541.8,174973.66,27.04,81.83,90.13
S0041,57,Male,1521.94,7539.23,177121.24,152732.47,165607.25,30.0,84.11,94.58
S0042,84,Female,1687.45,6700.73,175583.06,137906.54,165232.18,27.64,71.98,81.35
S0043,63,Male,1595.51,7040.66,179632.94,153908.56,160878.46,28.46,84.71,85.61
S0044,66,Female,1558.12,6710.78,178474.29,143802.06,175377.65,27.11,69.7,81.78
S0045,85,Male,1397.18,6617.13,166593.77,131339.01,166098.48,25.77,75.42,82.21
S0046,53,Male,1386.2,6817.64,189962.32,146983.61,180923.7,29.85,84.01,89.53
S0047,51,Male,1442.24,7604.5,175368.09,147633.5,175687.23,30.0,98.71,89.62
S0048,55,Female,1726.14,7093.05,184617.75,149749.08,166704.13,29.34,87.59,88.96
S0049,53,Male,1389.06,7515.75,171870.26,149533.0,171588.57,28.14,95.4,87.49
S0050,78,Male,1489.08,6869.71,165301.61,146931.08,159298.83,26.43,83.69,79.45
S0051,67,Male,1113.28,6728.35,166972.63,140670.12,169147.24,26.26,88.22,93.84
S0052,75,Male,1551.37,6728.69,180613.07,140401.43,159909.95,27.25,76.38,77.26
S0053,83,Female,1788.58,7328.07,173832.43,138416.34,160303.18,26.5,73.91,75.08
S0054,59,Female,1309.95,7667.27,172217.06,143792.72,158965.35,26.54,87.16,94.35
S0055,85,Male,1900.0,6853.51,175022.18,135504.79,164002.29,28.72,78.14,76.68
S0056,63,Female,1477.34,6950.7,175953.77,143110.26,163948.05,26.68,82.5,84.07
S0057,80,Male,1064.06,5915.84,162408.86,142738.85,152577.24,29.04,74.74,84.47
S0058,64,Male,1392.17,6779.95,167422.89,141516.58,174818.0,29.14,85.63,78.19
S0059,57,Male,1649.57,7367.19,187137.5,152724.88,172829.69,29.51,84.06,93.43
S0060,63,Female,1749.9,7333.82,180097.86,143579.81,171903.93,30.0,80.98,86.89
S0061,72,Female,1557.71,7406.3,184461.27,152447.08,172836.1,26.55,81.12,86.18
S0062,70,Female,1685.14,7384.27,180523.28,154620.62,168739.69,29.86,82.64,86.47
S0063,65,Female,1273.33,6565.71,175386.58,146392.92,160937.59,27.98,85.55,82.44
S0064,67,Female,1347.96,6015.4,170649.51,152840.24,156976.62,30.0,84.74,89.76
S0065,73,Female,1198.08,5853.78,163450.25,142181.88,157856.13,27.25,72.86,79.08
S0066,75,Female,1359.24,6639.89,169072.23,145050.73,169526.02,27.24,74.97,83.62
S0067,74,Female,1564.29,6194.96,167349.99,149621.58,159608.15,28.56,73.74,87.98
S0068,78,Female,1481.9,6655.75,173833.73,142727.72,164939.95,27.63,84.77,87.8
S0069,64,Male,1580.18,6885.6,184825.39,140116.07,172584.61,27.46,83.87,85.35
S0070,50,Female,1309.52,7316.83,177009.71,152145.56,169738.8,27.87,91.71,93.28
S0071,74,Female,1318.67,6482.16,174746.51,139363.34,164350.81,30.0,79.45,80.58
S0072,56,Female,1480.69,7372.21,174822.15,146718.03,171787.82,27.36,85.47,100.0
S0073,58,Female,1359.6,6966.08,174602.9,148036.56,168712.4,29.2,95.15,91.87
S0074,73,Female,1645.28,6859.73,170218.51,147601.04,173638.88,29.81,82.42,82.79
S0075,50,Female,1355.89,7142.59,168204.98,149734.48,164283.45,30.0,91.48,91.82
S0076,57,Female,1375.69,7288.71,176475.63,150017.7,168514.52,28.13,82.9,90.5
S0077,73,Female,1512.83,7030.8,173346.17,140547.4,156759.0,27.98,74.9,84.8
S0078,60,Female,1391.61,6696.72,181128.59,146223.9,157525.82,28.08,84.35,86.59
S0079,66,Female,1264.76,6646.65,176154.29,147168.47,163594.82,26.12,79.59,83.32
S0080,57,Female,1285.1,7066.62,179615.92,154228.53,168881.27,29.75,82.65,87.96
S0081,84,Male,1530.66,6486.13,164197.8,150175.61,169725.32,27.69,72.82,72.34
S0082,84,Male,1246.19,6054.32,167951.81,139710.33,170147.19,29.62,72.73,81.93
S0083,82,Female,1659.57,6573.75,179227.87,146275.79,170244.69,26.51,76.46,75.93
S0084,54,Female,1346.44,7288.37,179256.62,156681.51,171133.09,30.0,87.26,84.44
S0085,77,Male,1542.43,6879.06,180802.16,139805.56,164986.6,29.81,73.57,81.74
S0086,56,Female,1355.44,7190.47,186860.09,150088.03,160569.29,29.11,83.82,89.0
S0087,58,Male,1312.71,7165.85,174210.22,149684.68,165832.69,25.69,93.8,89.18
S0088,57,Male,1486.92,7607.48,174508.29,154784.53,174462.77,28.39,82.81,85.47
S0089,61,Male,1607.77,6796.37,174235.9,143160.54,173027.71,30.0,87.46,84.93
S0090,83,Male,1412.89,6572.38,160424.06,135501.62,155553.34,28.15,77.89,81.54
S0091,82,Male,1440.18,6468.0,166090.13,140398.0,164655.08,28.75,74.93,82.04
S0092,72,Female,1571.11,6578.18,179791.68,146310.9,168210.01,28.02,89.1,86.43
S0093,73,Male,1576.08,7124.86,162442.76,149413.68,167211.38,27.99,83.41,81.92
S0094,84,Female,1444.23,6181.84,162843.45,142071.21,161311.14,24.71,83.28,78.77
S0095,71,Female,1383.48,6586.63,171216.08,142353.42,167013.39,29.39,77.47,84.3
S0096,76,Male,1462.4,6456.29,166662.85,144198.06,166774.29,29.56,75.04,77.75
S0097,84,Male,1421.36,6357.76,165119.93,140868.33,158298.43,26.16,77.05,85.48
S0098,50,Female,1496.95,7334.81,178001.71,158322.04,172563.97,29.07,90.36,97.7
S0099,84,Male,1270.86,6311.73,164662.61,138754.06,158677.18,27.09,82.75,82.04
S0100,63,Male,1491.58,7065.71,172301.65,144791.9,160514.8,29.34,86.99,83.9
S0101,52,Female,1342.25,7159.12,173950.99,150345.79,165787.57,28.37,85.2,92.71
S0102,50,Female,1585.88,7929.69,186302.15,152252.02,164458.11,30.0,84.18,96.6
S0103,54,Male,1349.13,7112.83,182637.83,140721.83,172300.85,29.19,89.03,83.9
S0104,75,Female,1351.73,6762.05,163168.09,141446.9,164270.57,24.28,78.83,89.58
S0105,63,Male,1516.81,7439.09,162453.73,146314.78,165885.2,29.52,87.6,76.55
S0106,76,Male,1452.13,6192.76,176242.46,139773.89,169915.8,29.33,83.74,85.32
S0107,58,Male,1791.5,8065.02,175153.97,155675.1,172062.43,27.58,94.93,95.28
S0108,64,Female,1205.6,6204.8,173230.98,139820.49,157371.15,28.94,80.22,85.19
S0109,64,Female,1466.48,7386.19,167469.38,148015.06,164703.6,30.0,79.0,84.55
S0110,75,Female,1619.45,7487.68,179772.14,143529.12,172961.77,28.56,74.55,85.77
S0111,62,Female,1363.25,7212.33,187477.37,146017.16,163033.14,30.0,82.34,96.86
S0112,81,Female,1313.42,5563.03,168425.03,141187.2,161986.08,26.72,72.34,78.02
S0113,81,Male,1319.37,6538.13,167111.93,133509.62,164160.52,27.75,77.65,75.41
S0114,53,Male,1208.21,7706.15,174437.77,147544.53,169245.03,29.06,87.06,87.59
S0115,79,Male,1652.46,6697.77,176188.46,153624.82,175999.58,27.34,78.75,72.98
S0116,72,Male,1400.56,6645.43,174545.12,135900.14,158662.77,27.96,82.2,87.55
S0117,64,Female,1382.8,6552.65,179311.04,144868.72,160916.67,26.02,84.52,83.67
S0118,78,Male,1131.39,6135.7,163237.04,143468.43,154276.34,27.24,71.03,79.02
S0119,85,Female,1234.94,6333.17,166869.91,138706.72,157552.75,29.54,76.26,82.45
S0120,62,Male,1669.81,7619.03,175725.36,151693.94,174365.09,27.52,97.24,84.77
S0121,81,Female,1495.47,7425.79,164407.01,130464.16,158107.32,26.53,79.13,82.9
S0122,56,Female,1624.98,7562.37,179794.62,152641.87,175434.85,29.28,74.66,83.89
S0123,71,Male,1606.0,6509.8,169909.42,141832.39,166624.06,28.33,86.77,87.84
S0124,77,Male,1299.91,6381.15,174617.52,141793.52,156608.49,28.44,74.1,83.03
S0125,51,Male,1814.48,7286.78,179714.12,153212.32,165878.08,29.1,100.0,90.38
S0126,55,Male,1742.46,7603.76,183577.25,161677.1,165092.99,29.35,90.54,90.39
S0127,77,Female,1365.44,6915.47,166518.11,143514.48,159323.45,27.56,70.26,74.24
S0128,77,Male,1000.0,5977.54,166535.31,136893.19,157538.82,25.8,66.48,81.21
S0129,69,Male,1396.52,6808.61,170088.26,136971.58,170719.01,28.26,89.77,83.05
S0130,79,Female,1485.74,7084.85,163992.88,142202.61,166739.09,29.16,83.65,73.47
S0131,60,Male,1364.84,6941.08,177896.97,149852.95,162788.03,29.55,97.51,84.18
S0132,77,Male,1416.77,6883.7,168974.18,141205.23,164723.48,25.46,78.67,80.22
S0133,74,Male,1325.7,6512.34,171538.34,139281.56,170064.67,28.42,78.94,79.09
S0134,82,Male,1588.25,6701.38,168314.73,139205.81,171953.33,26.46,74.09,67.0
S0135,50,Male,1459.54,7149.13,173474.86,152503.59,168690.17,30.0,88.01,96.06
S0136,76,Female,1592.73,6659.48,178028.62,147044.52,169382.3,28.51,76.66,81.23
S0137,62,Male,1633.33,6935.74,181683.75,154358.75,175271.43,30.0,86.56,75.76
S0138,52,Male,1123.85,6912.2,172551.41,141661.02,159130.54,29.12,85.7,100.0
S0139,55,Male,1334.42,7268.75,177211.96,149711.12,165172.81,29.01,80.94,95.43
S0140,57,Male,1356.4,6781.58,181636.84,146416.29,177210.44,30.0,88.21,87.14
S0141,76,Male,1835.71,7783.31,173243.28,145642.0,166388.1,29.93,76.54,77.35
S0142,58,Female,1472.35,7336.96,175958.79,149631.72,155065.58,29.19,71.88,90.09
S0143,82,Male,1571.88,6580.16,171480.77,143453.29,162796.4,27.45,78.52,80.33
S0144,73,Female,1167.9,6502.74,166269.3,142658.42,166207.67,25.52,74.12,84.76
S0145,64,Female,1471.48,6793.55,179643.25,141256.2,166765.6,29.04,87.6,82.07
S0146,81,Male,1596.74,6684.16,170066.42,138793.29,167083.32,27.64,79.61,85.04
S0147,81,Male,1579.29,6393.88,166781.36,148679.35,167894.24,28.55,77.26,76.93
S0148,73,Male,1543.51,7302.87,176115.31,143042.52,163681.39,29.69,93.74,86.24
S0149,61,Male,1451.95,6800.33,170462.75,148096.57,164934.18,30.0,84.96,82.6
S0150,51,Female,1459.24,7497.8,189835.22,154538.35,170542.07,29.86,90.12,100.0
S0151,52,Male,1196.01,7147.81,184164.6,148945.59,167506.12,27.61,93.81,94.31
S0152,66,Male,1314.92,6855.83,175346.52,146308.55,164757.47,25.28,83.23,99.65
S0153,51,Male,1484.64,7342.59,182212.35,154072.02,170559.26,28.06,97.04,95.16
S0154,51,Male,1342.6,7035.25,180273.45,139101.05,165200.18,30.0,84.28,88.06
S0155,77,Male,1553.33,6539.95,169344.43,140728.48,167762.87,30.0,71.67,85.04
S0156,72,Male,1520.02,6993.52,174626.76,146208.9,167966.73,27.96,84.92,87.57
S0157,81,Female,1655.11,6679.5,166995.6,148995.45,158494.12,25.64,70.58,81.18
S0158,82,Female,1593.74,6834.47,173043.95,142134.81,161829.89,26.88,79.31,82.6
S0159,50,Male,1484.09,7694.23,184748.31,146539.67,170793.84,30.0,94.24,95.39
S0160,68,Male,1562.2,6355.22,173155.93,142040.58,164329.76,27.34,78.14,79.38
S0161,51,Male,1600.77,7765.4,178483.67,155185.03,174276.59,30.0,93.92,85.4
S0162,75,Female,1373.88,7185.96,164274.23,140758.86,162611.76,28.53,73.95,77.22
S0163,81,Male,1400.6,6738.48,175846.98,140173.6,162467.43,28.92,71.53,80.66
S0164,55,Female,1435.48,7429.82,175497.39,151122.4,166787.05,30.0,88.42,87.97
S0165,81,Male,1378.67,5990.19,167300.35,126929.85,152495.89,28.44,75.43,74.46
S0166,53,Male,1602.35,7766.8,182279.01,159625.18,161699.32,29.61,89.67,94.21
S0167,60,Male,1355.9,7230.78,176781.88,142769.2,169118.18,30.0,89.13,88.86
S0168,66,Male,1637.75,7145.5,180385.77,148166.19,169266.33,29.14,86.03,86.48
S0169,73,Female,1394.95,6707.45,169392.8,134878.4,165618.47,26.97,87.71,81.01
S0170,54,Female,1520.86,7919.19,173756.97,147607.16,170384.58,30.0,90.56,87.41
S0171,83,Male,1474.96,6125.26,162181.22,145950.72,162990.14,28.2,80.37,74.02
S0172,55,Male,1303.6,6787.91,173596.96,138413.28,171500.24,28.45,92.93,93.61
S0173,71,Female,1447.02,6968.33,167854.95,148738.07,166717.97,27.57,92.96,79.36
S0174,60,Female,1500.05,7362.33,175582.47,146268.83,172734.6,28.5,86.59,88.39
S0175,65,Female,1440.36,7269.19,181172.17,147595.8,166915.5,27.91,82.69,94.35
S0176,82,Female,1248.59,6248.83,164496.74,141344.8,158432.82,27.22,81.39,77.1
S0177,58,Male,1705.21,7432.5,178374.32,152138.54,171681.27,27.79,90.19,93.07
S0178,55,Female,1463.15,7474.39,178325.87,144739.27,165131.9,29.77,96.11,92.16
S0179,65,Male,1330.85,6453.64,171292.13,142668.07,163230.09,28.85,86.74,86.81
S0180,78,Female,1693.12,6809.58,172780.43,137454.15,166473.34,28.52,67.49,82.97
S0181,52,Female,1542.61,7719.75,183115.65,152539.17,171258.13,29.31,93.42,90.27
S0182,69,Female,1269.97,6456.81,175613.45,150158.99,162790.83,27.96,82.92,84.37
S0183,85,Female,1293.33,6780.4,170885.98,129723.27,153279.75,29.88,75.48,75.48
S0184,68,Female,1416.64,6252.31,183583.95,140839.0,167996.89,28.28,80.74,85.39
S0185,75,Male,1494.6,6527.65,174631.95,142127.97,167994.58,29.91,70.84,79.09
S0186,52,Male,1543.42,7288.8,191593.43,151114.24,177924.23,27.74,95.05,96.46
S0187,68,Female,1592.53,6873.69,171527.91,149981.56,169055.79,29.31,84.52,75.72
S0188,69,Female,1530.94,6763.5,184777.65,144424.46,166146.87,27.24,87.49,87.34
S0189,81,Male,1652.01,6320.09,169672.26,141298.3,159913.5,26.85,68.0,81.21
S0190,56,Female,1469.02,7544.34,176718.13,153354.28,175423.29,28.56,91.92,90.07
S0191,82,Female,1336.05,6044.95,166833.29,142239.52,161861.84,26.83,73.52,84.07
S0192,67,Male,1449.5,6953.32,172950.86,147320.37,166614.65,27.8,83.98,83.26
S0193,50,Female,1439.65,7354.03,180305.04,150402.85,168742.93,30.0,90.59,92.5
S0194,60,Female,1063.27,6362.64,168959.07,147556.86,161815.08,28.61,87.94,78.23
S0195,77,Male,1365.79,6930.38,173689.35,138104.56,165420.94,28.43,77.9,79.17
S0196,74,Male,1497.13,7007.58,169401.39,139704.18,159921.95,27.56,74.96,86.23
S0197,72,Male,1386.37,6074.09,174814.46,146121.13,171114.49,29.24,79.68,76.39
S0198,80,Female,1353.07,5712.36,175975.44,132718.02,167767.62,28.02,73.85,81.18
S0199,79,Male,1586.71,7002.84,169704.97,143081.87,162660.49,27.58,77.54,76.84
S0200,84,Male,1312.52,5947.82,170422.13,137000.67,156100.31,25.04,57.66,77.98
S0201,56,Male,1556.74,6955.39,181976.72,142941.54,160605.75,29.27,91.62,86.17
S0202,65,Male,1250.09,6988.85,183615.49,139310.18,158419.61,29.46,82.65,80.0
S0203,75,Male,1864.11,7296.91,173695.22,146150.75,171589.86,26.85,73.6,83.88
S0204,51,Male,1417.65,7491.94,183237.12,154029.31,170813.16,28.91,96.15,90.86
S0205,50,Female,1401.51,7670.13,171288.07,146576.79,171688.05,30.0,95.52,93.57
S0206,61,Female,1621.46,6979.2,175728.23,153874.82,160830.95,26.4,84.37,90.98
S0207,54,Male,1387.19,6776.34,179613.3,148456.25,166527.97,27.98,82.99,95.9
S0208,81,Male,1668.24,7216.65,178734.67,148779.12,170803.36,28.61,78.37,80.92
S0209,58,Male,1505.74,6872.46,171739.2,145437.18,168181.01,30.0,87.76,94.08
S0210,84,Female,1432.24,5916.69,171817.34,139402.76,155579.32,30.0,78.16,73.77
S0211,68,Female,1416.25,6512.64,172978.87,145920.67,164626.53,30.0,79.71,88.88
S0212,65,Female,1631.14,7870.69,169316.03,146503.59,164772.95,29.16,91.97,87.39
S0213,52,Female,1484.57,7629.87,180622.81,154034.34,171381.86,28.65,88.66,91.72
S0214,69,Female,1514.85,7221.89,182673.96,135014.43,166055.76,29.91,76.16,86.99
S0215,73,Female,1531.15,6875.58,167321.69,154812.33,167587.49,27.41,74.74,77.33
S0216,82,Female,1469.94,6229.34,168489.6,144459.39,156738.69,26.47,74.75,73.1
S0217,73,Female,1527.98,7001.36,167952.58,143098.92,163088.56,27.82,80.33,90.74
S0218,60,Female,1432.25,6656.39,173944.1,144337.07,172211.72,28.02,87.45,86.37
S0219,57,Male,1442.53,6915.21,184621.2,143926.39,162073.56,29.51,87.23,88.2
S0220,85,Male,1282.13,6243.09,164377.97,140726.6,154889.46,26.59,78.62,72.19
S0221,69,Male,1494.66,6494.82,180893.8,149224.06,166638.14,28.37,80.13,77.21
S0222,84,Male,1192.07,5866.38,170550.1,136489.32,159953.04,29.78,63.45,78.1
S0223,74,Female,1492.53,6680.75,170296.71,148206.79,162268.05,28.3,78.96,80.32
S0224,84,Female,1407.91,6088.26,165081.89,135296.41,159784.04,29.75,63.84,78.12
S0225,74,Male,1506.19,6158.95,167794.26,138484.73,167017.58,29.71,79.87,82.26
S0226,78,Female,1292.68,6095.33,163657.7,148186.79,165092.79,28.61,81.88,92.54
S0227,67,Male,1132.1,6180.65,172001.19,144380.95,157441.56,27.66,76.78,82.92
S0228,67,Female,1397.37,6874.49,173319.52,150659.52,166810.51,30.0,90.19,92.62
S0229,51,Male,1293.11,7262.82,174649.33,144288.4,174828.32,28.89,95.29,98.63
S0230,84,Female,1182.92,6022.76,157151.18,132973.3,158040.57,27.45,79.78,81.24
S0231,65,Female,1565.2,6945.0,176663.26,145038.23,162657.9,29.07,85.09,84.51
S0232,85,Male,1690.19,6792.11,168284.47,138193.59,158824.63,27.71,69.87,71.21
S0233,82,Female,1330.46,5733.88,166389.0,142378.72,159961.71,26.33,77.97,81.3
S0234,53,Male,1438.63,6831.38,180336.92,145606.28,173786.29,26.72,86.19,95.27
S0235,82,Male,1403.83,5610.08,155736.97,134665.81,161308.75,28.8,74.41,86.8
S0236,63,Male,1351.17,6746.96,166597.61,145750.72,166514.36,29.43,83.79,80.83
S0237,70,Male,1549.56,6723.35,185676.94,139190.67,161611.63,25.71,87.07,83.44
S0238,69,Female,1601.52,7299.08,172635.2,137717.62,171340.76,27.44,86.7,79.24
S0239,57,Female,1319.71,6864.96,163399.34,147196.75,161661.33,29.13,87.18,84.25
S0240,56,Female,1456.72,7382.09,170730.88,140395.66,166303.63,29.78,79.31,91.68
S0241,52,Male,1642.68,7963.01,194034.5,154815.56,174454.1,27.23,88.85,88.23
S0242,66,Female,1553.36,6889.14,172125.28,139954.55,157959.47,28.38,87.1,80.85
S0243,82,Male,1575.65,6657.9,176102.93,131573.51,164165.03,28.59,77.32,83.67
S0244,61,Female,1655.2,7723.37,179217.96,147429.89,164831.34,28.52,79.98,89.54
S0245,71,Female,1653.23,6698.39,172663.89,146382.94,167059.97,28.62,71.91,85.01
S0246,71,Female,1604.3,7003.9,178378.78,147454.6,164863.01,27.63,82.54,80.46
S0247,79,Male,1471.74,6313.0,158189.1,142291.48,172465.4,29.13,71.29,85.77
S0248,57,Female,1392.63,6816.59,169655.87,142559.37,165849.86,27.65,82.68,87.99
S0249,76,Female,1465.52,6152.35,168624.5,145563.99,171962.67,26.11,80.97,93.09
S0250,76,Male,1369.84,6112.56,163223.55,145719.01,165259.51,27.85,83.54,81.56
S0251,83,Female,1157.13,5923.7,162031.63,131745.34,154921.83,25.3,70.24,66.55
S0252,70,Male,1408.08,6253.86,176765.47,142766.22,166027.48,24.94,80.28,72.05
S0253,79,Female,1503.63,6400.23,171154.23,140601.31,161970.07,29.43,76.38,83.46
S0254,82,Male,1361.91,6491.82,174396.0,140510.81,162120.71,26.24,74.76,86.05
S0255,77,Male,1421.08,6646.33,171179.87,140688.67,159719.4,25.98,78.35,77.13
S0256,82,Female,1426.89,6186.19,173485.04,139863.49,169351.64,26.38,78.75,89.98
S0257,54,Male,1653.53,8172.2,180721.99,153723.46,175403.11,28.22,88.17,98.17
S0258,68,Male,1396.08,7357.04,170101.64,139048.51,165049.95,28.41,75.99,85.16
S0259,53,Male,1653.5,7708.08,188794.78,154453.13,179269.46,27.72,99.52,93.55
S0260,84,Male,1043.13,4959.13,159670.77,140866.36,157358.65,27.77,77.07,82.15
S0261,66,Male,1652.18,7509.2,178545.36,154575.39,173163.27,29.73,79.3,94.93
S0262,77,Male,1644.61,6158.72,176729.82,134200.96,165563.07,25.87,77.85,84.9
S0263,79,Female,1585.34,7130.85,175681.52,141830.32,166011.21,27.17,83.27,81.64
S0264,78,Male,1148.21,6392.39,160751.33,129739.17,159313.86,27.05,80.93,83.22
S0265,55,Male,1602.83,8086.51,185343.75,139070.54,170860.02,29.19,93.23,92.56
S0266,84,Female,1442.48,6376.8,163115.01,140373.24,162184.7,29.21,73.6,82.57
S0267,73,Female,1070.6,6017.48,171450.71,137509.81,157062.8,29.6,87.32,74.62
S0268,78,Female,1644.73,6677.06,175212.59,144896.6,163337.18,30.0,78.86,82.6
S0269,80,Female,1666.63,6611.06,176192.66,145353.83,163907.49,24.44,74.15,82.7
S0270,84,Female,1164.32,6175.81,158646.86,142558.76,159391.25,26.12,78.41,77.23
S0271,82,Female,1476.31,6633.15,172055.41,140905.77,162151.84,30.0,76.35,83.29
S0272,70,Female,1658.29,7148.5,180927.43,159237.99,172569.82,25.76,84.05,93.88
S0273,81,Male,1634.52,6475.13,172331.27,143924.09,168091.8,30.0,77.02,80.43
S0274,72,Male,1575.41,7706.88,169711.83,152945.25,164996.03,28.82,85.0,86.14
S0275,82,Female,1052.91,6058.08,168633.68,125931.35,163850.06,27.82,69.82,87.12
S0276,52,Male,1559.43,7114.83,181182.78,156568.14,179132.34,27.25,83.07,91.4
S0277,67,Male,1417.28,6701.05,165285.19,143759.42,156192.91,27.72,89.92,79.63
S0278,74,Male,1599.38,7163.6,168911.6,135526.22,169838.47,30.0,81.78,84.99
S0279,80,Female,1488.42,6267.77,167329.62,143276.7,159804.24,27.64,79.89,68.68
S0280,52,Female,1447.02,7530.99,186793.3,148006.88,173070.56,28.67,82.36,79.55
S0281,73,Male,1546.14,7124.44,179754.54,146671.6,170879.56,28.94,86.23,84.8
S0282,81,Female,1424.21,5359.79,175475.4,144991.97,158019.88,27.02,71.16,68.26
S0283,71,Male,1446.36,6727.13,173768.1,136962.41,156374.47,28.77,76.97,76.78
S0284,72,Male,1366.72,6584.44,175868.57,147134.3,167343.33,26.88,79.95,81.27
S0285,51,Male,1209.19,6980.16,171056.37,147321.04,167710.39,29.04,85.62,86.53
S0286,76,Male,1535.18,6808.28,171956.15,149139.57,156928.98,27.12,78.91,80.72
S0287,51,Female,1329.1,7480.9,180457.31,147567.79,179803.09,26.65,90.83,96.45
S0288,75,Female,1419.88,6622.44,165514.08,140081.97,166228.58,28.77,84.3,82.48
S0289,66,Female,1493.05,6892.42,175966.11,145752.2,169488.96,26.67,91.15,81.08
S0290,82,Male,1137.22,6100.61,173479.8,137730.55,164705.57,27.31,82.21,86.25
S0291,58,Female,1170.8,6815.91,176643.42,141825.45,162315.07,30.0,75.71,80.99
S0292,78,Male,1405.04,6383.35,174248.2,138917.02,163092.47,25.59,72.49,82.05
S0293,75,Female,1518.18,6333.59,159806.18,137660.91,158563.08,28.84,67.04,73.13
S0294,84,Male,1561.61,6008.61,177229.11,138960.15,159991.9,26.99,67.75,80.34
S0295,74,Male,1211.3,5902.59,167805.02,143456.42,163109.8,26.35,74.76,80.23
S0296,73,Male,1545.49,6921.74,169252.51,143436.85,157806.66,30.0,82.55,87.7
S0297,62,Female,1413.24,7001.14,174485.69,150573.19,163732.33,28.72,83.0,90.16
S0298,56,Female,1317.53,6647.2,168885.21,146040.83,162867.09,27.97,85.13,85.28
S0299,85,Female,1352.72,6322.85,171822.32,132085.34,160819.3,26.36,74.8,74.4
S0300,69,Female,1570.28,7427.71,173116.36,148190.52,169159.22,29.93,74.76,82.42
S0301,50,Male,1491.1,7382.1,176800.06,147379.7,173791.8,28.43,87.57,100.0
S0302,57,Female,1457.55,6744.02,176800.28,146925.31,172827.68,29.95,84.82,96.59
S0303,65,Female,1486.52,6817.05,180778.37,151434.32,172826.29,28.52,82.87,81.17
S0304,63,Male,1589.21,7510.16,177777.87,142268.23,171013.97,30.0,86.56,90.47
S0305,61,Male,1435.44,7257.71,168926.75,147295.7,175582.8,27.3,94.07,77.81
S0306,72,Male,1458.15,6465.49,174722.68,143299.15,165127.39,26.75,84.57,80.84
S0307,64,Female,1620.73,7722.44,172503.81,150661.42,167598.04,28.51,82.3,81.06
S0308,77,Male,1400.26,6884.88,159172.64,145250.81,165435.77,27.78,77.31,85.43
S0309,83,Male,1542.72,6264.18,177042.69,142214.49,161796.08,27.05,73.03,72.96
S0310,51,Male,1374.44,7128.68,181029.48,147322.76,177255.43,30.0,88.24,93.08
S0311,81,Female,1387.62,6143.58,168010.09,142206.38,166653.24,30.0,76.7,79.39
S0312,72,Male,1434.39,6554.39,170384.66,149254.38,167704.57,28.59,70.91,81.85
S0313,71,Female,1527.29,7166.1,180562.89,144350.1,166191.59,29.05,86.29,92.25
S0314,74,Female,1629.13,7056.29,189185.3,143388.62,164136.75,27.91,88.78,92.33
S0315,71,Male,1464.48,7049.85,175067.68,145591.58,168065.26,26.81,80.3,82.73
S0316,71,Male,1225.02,6629.61,164802.12,141624.52,157203.33,27.94,79.36,80.9
S0317,55,Female,1544.72,7981.43,178614.28,143427.48,176696.52,30.0,91.5,81.8
S0318,64,Male,1818.08,7244.3,181669.78,150557.75,169749.47,30.0,90.29,86.41
S0319,82,Male,1466.3,6518.56,157247.96,134502.57,163552.28,29.22,74.02,87.95
S0320,57,Female,1193.68,6218.38,176146.71,147022.01,161337.33,26.34,90.96,87.8
S0321,54,Female,1475.45,7003.09,181087.5,145467.34,172533.37,28.61,91.65,93.53
S0322,53,Male,1449.55,7371.87,185576.29,149261.42,167203.19,27.03,100.0,83.61
S0323,55,Female,1436.93,7430.86,184203.82,150127.01,171527.8,30.0,87.97,87.61
S0324,81,Male,1591.81,6597.17,171407.6,153160.68,167218.2,27.18,66.36,81.97
S0325,79,Male,1656.74,6624.95,179904.08,146709.79,162109.81,27.82,70.04,81.57
S0326,84,Male,1552.54,6346.98,179508.85,146966.97,157572.04,28.3,74.45,83.38
S0327,65,Female,1430.04,7355.89,174650.25,153723.28,172924.0,30.0,90.1,82.51
S0328,62,Male,1618.85,7218.07,179917.16,150290.17,167992.02,29.21,82.77,78.24
S0329,79,Male,1225.93,6673.66,158324.62,140344.86,161297.0,27.55,76.14,84.93
S0330,68,Male,1342.59,6947.09,165156.23,138725.67,166503.1,26.6,86.22,79.03
S0331,66,Female,1359.31,6941.22,169120.69,143768.22,159360.71,30.0,78.86,87.26
S0332,68,Female,1445.36,6504.96,171426.2,141299.68,167530.93,28.01,78.85,86.47
S0333,77,Female,1526.01,6949.59,165981.51,140855.34,164532.18,30.0,72.91,72.31
S0334,75,Female,1419.89,6431.71,170708.74,150616.92,160522.94,29.63,84.5,86.95
S0335,75,Female,1314.09,6062.81,167550.59,141656.74,157050.63,27.13,85.58,78.62
S0336,72,Male,1596.23,7103.19,179409.21,140920.73,168834.99,26.27,73.41,83.73
S0337,58,Female,1414.68,6750.64,174402.31,153432.22,172686.2,29.19,86.19,86.16
S0338,61,Female,1465.32,6909.31,164900.24,151151.93,168222.17,27.8,92.9,94.25
S0339,50,Female,1532.66,7620.96,181620.68,155361.04,164454.17,29.51,94.24,98.05
S0340,50,Male,1455.83,8174.27,179998.99,141030.73,165306.15,30.0,90.9,82.14
S0341,83,Female,1456.49,6148.66,164217.64,148933.93,159876.84,25.06,66.72,89.68
S0342,81,Female,1604.57,6509.39,171479.85,139732.39,170991.07,28.16,81.83,76.28
S0343,74,Male,1472.71,6913.76,166496.14,146527.85,163139.38,29.34,81.83,92.23
S0344,50,Female,1579.42,7322.64,183202.23,162651.29,169315.05,30.0,84.28,90.18
S0345,65,Male,1531.7,7230.39,188895.02,156016.0,159618.02,26.65,90.66,84.96
S0346,54,Male,1752.53,8175.58,173202.37,147426.3,169372.78,30.0,83.55,88.02
S0347,71,Male,1511.41,6764.99,170805.73,137813.79,159877.32,30.0,79.98,81.11
S0348,78,Male,1545.7,6971.39,167965.83,148993.52,159538.35,28.58,77.02,93.06
S0349,52,Male,1615.25,7765.31,179116.68,151691.74,171857.51,29.25,99.72,90.05
S0350,61,Female,1459.54,6910.11,181364.13,144541.46,165549.73,30.0,84.56,85.95
S0351,75,Male,1354.32,6422.14,172816.0,144338.7,170345.27,26.93,77.27,82.26
S0352,65,Male,1378.88,6754.39,178140.37,144055.82,170318.67,26.21,76.94,80.96
S0353,71,Female,1380.32,6634.19,171966.37,146159.2,161243.59,27.91,77.62,91.19
S0354,78,Male,1307.45,6351.99,161878.91,140475.92,157306.27,28.62,73.02,72.59
S0355,63,Female,1497.67,7292.97,170448.62,149827.45,173496.27,30.0,81.91,82.82
S0356,77,Female,1355.57,6565.96,173148.17,136930.33,169681.49,28.74,78.01,85.89
S0357,54,Female,1479.23,6674.33,179804.89,155502.36,159447.39,30.0,76.38,90.0
S0358,79,Male,1426.2,6420.11,175865.42,144201.29,162906.05,29.38,69.24,83.47
S0359,54,Male,1443.76,6897.81,179991.39,151645.91,167797.87,28.49,88.44,97.47
S0360,61,Male,1533.41,7157.39,171235.83,142504.57,171088.53,28.6,86.97,91.67
S0361,65,Female,1368.72,6815.94,171165.07,152335.5,174097.87,30.0,82.71,85.93
S0362,75,Male,1545.83,7061.59,175224.07,143396.61,162625.91,26.41,79.67,92.51
S0363,75,Male,1685.1,6968.61,177622.82,148127.18,157062.91,28.83,77.64,79.12
S0364,70,Male,1501.47,6954.96,177893.14,143061.95,168171.66,27.31,81.82,83.53
S0365,85,Female,1332.69,6336.95,161099.61,139500.86,166214.38,29.19,76.09,77.29
S0366,82,Female,1357.75,6609.95,161687.82,140814.55,159618.3,27.74,77.96,78.02
S0367,79,Male,1412.76,6392.24,168454.11,128237.92,159167.7,27.81,73.29,74.78
S0368,72,Male,1360.77,6624.4,178429.57,145128.68,161550.76,30.0,84.92,75.46
S0369,59,Male,1301.32,6964.99,171596.53,154657.27,169940.48,27.21,87.67,89.46
S0370,54,Male,1473.16,7231.96,181152.79,151460.62,167209.7,29.46,95.82,86.72
S0371,85,Female,1416.82,5994.5,169627.15,134858.52,162364.45,27.13,80.4,87.66
S0372,83,Female,1478.46,5706.12,172595.36,143309.41,162188.15,28.16,66.35,78.69
S0373,80,Female,1627.96,6393.94,179957.7,147547.24,164118.33,30.0,71.99,79.44
S0374,59,Female,1414.55,6598.23,184234.1,149251.57,170515.83,27.77,90.21,93.86
S0375,68,Male,1272.19,6979.84,168593.21,142488.3,161390.45,26.68,74.54,86.0
S0376,81,Male,1390.17,6381.77,157942.52,139011.99,159654.19,26.5,82.91,77.71
S0377,50,Male,1565.56,7635.56,177994.12,150047.24,174860.41,29.1,90.55,87.84
S0378,54,Female,1551.52,7297.03,180196.55,152955.15,165675.51,29.26,92.67,100.0
S0379,53,Male,1527.8,7520.63,178075.32,143545.9,166144.76,29.46,90.11,91.8
S0380,65,Female,1356.29,6580.05,183465.02,142889.51,159547.82,30.0,76.45,91.65
S0381,73,Female,1562.79,6916.38,173397.33,151408.1,169311.19,30.0,85.76,77.51
S0382,65,Male,1596.53,7268.52,179776.98,154319.23,167388.32,30.0,98.54,83.04
S0383,51,Male,1345.69,7050.12,179484.31,142005.21,162691.29,30.0,88.08,100.0
S0384,77,Male,1443.76,6281.51,168742.01,136746.28,167023.55,29.07,75.8,87.83
S0385,81,Female,1753.06,7158.25,163162.67,142512.81,163083.72,29.69,64.12,81.29
S0386,76,Male,1339.02,6407.67,169175.14,145106.84,158356.66,29.13,84.87,79.33
S0387,69,Female,1194.24,6217.05,186554.08,133518.74,161556.05,29.09,85.44,83.9
S0388,73,Male,1657.44,6895.0,168216.94,144927.72,173186.05,28.83,71.77,78.83
S0389,61,Female,1620.49,7067.56,169121.52,146271.1,167348.07,28.19,75.86,80.7
S0390,84,Female,1381.45,6187.03,176959.41,145081.39,163335.03,25.64,64.33,83.68
S0391,82,Male,1433.05,6604.07,172307.03,132684.42,165085.42,27.57,79.03,82.08
S0392,82,Female,1266.26,6096.09,167532.22,138979.03,161973.59,28.41,78.52,82.68
S0393,61,Female,1463.34,7844.1,183123.48,145062.19,173116.59,29.21,83.12,85.92
S0394,52,Male,1624.89,7818.74,177241.13,157762.97,168241.74,27.85,94.23,91.56
S0395,50,Female,1368.61,7446.9,178490.34,151875.53,164409.7,29.13,92.69,88.92
S0396,82,Male,1581.57,6304.86,175154.55,139079.48,158663.87,27.31,73.37,75.98
S0397,59,Female,1519.56,7217.78,188236.47,151835.82,167865.04,28.83,92.24,97.04
S0398,78,Male,1536.67,6416.3,165397.35,140717.0,159691.69,28.58,71.21,80.84
S0399,62,Male,1377.35,6321.34,181331.92,150170.52,166864.82,29.51,89.98,89.64
S0400,61,Female,1396.81,7327.49,177420.87,145101.22,167011.32,28.14,83.06,91.32
S0401,80,Female,1172.98,5881.04,166991.11,142975.84,164036.41,29.02,84.17,80.33
S0402,51,Female,1365.0,7109.38,178591.35,150812.36,170125.14,30.0,85.74,91.94
S0403,84,Female,1624.52,6634.96,163271.04,156217.44,161547.07,28.17,73.21,72.53
S0404,72,Female,1310.6,6674.65,175442.65,141767.97,164815.42,29.19,80.74,78.65
S0405,66,Male,1332.95,6668.2,169084.11,145752.43,160076.63,29.9,83.4,79.99
S0406,75,Female,1546.03,6768.26,167003.89,141302.87,164634.68,26.46,81.74,84.44
S0407,57,Male,1510.42,7569.48,182702.28,148516.24,170351.87,30.0,82.56,89.32
S0408,78,Male,1553.48,6567.16,175387.42,130476.54,164720.2,26.72,77.35,76.55
S0409,75,Female,1275.52,6453.98,169551.2,142850.3,163698.48,26.94,79.35,84.51
S0410,59,Male,1834.61,7264.14,186863.02,157189.02,169082.49,29.24,84.84,91.32
S0411,75,Male,1267.64,5979.06,176191.33,142461.2,166928.15,24.58,79.73,78.67
S0412,83,Male,1473.14,6561.37,175268.77,134418.99,170204.27,27.97,68.54,79.13
S0413,56,Male,1426.2,6866.23,174973.03,144353.97,161026.18,30.0,86.4,91.43
S0414,53,Female,1272.0,7198.25,181884.57,136384.17,161821.85,26.69,86.28,86.01
S0415,60,Male,1394.47,7022.6,176891.83,150849.84,167083.03,30.0,84.93,90.28
S0416,78,Female,1453.5,6415.9,178871.49,137105.65,161883.98,26.8,84.47,82.81
S0417,85,Female,1352.5,5880.22,165961.41,138395.85,168711.4,27.66,80.34,72.83
S0418,74,Male,1590.58,7143.68,171504.64,143514.02,166535.45,27.47,86.84,83.22
S0419,70,Female,1425.76,7282.6,169640.09,150452.33,170999.77,29.37,80.25,85.2
S0420,85,Female,1248.81,6063.27,166282.15,137871.85,149815.84,28.96,77.91,74.72
S0421,59,Female,1236.08,6960.87,176616.6,148800.83,169060.66,29.79,87.43,85.04
S0422,58,Male,1540.92,7151.69,180720.91,150968.33,165780.35,28.93,87.93,83.42
S0423,73,Female,1226.98,6001.65,171019.68,146987.2,158504.89,27.17,78.27,80.19
S0424,84,Female,1497.46,6369.27,172024.75,139198.58,160904.49,27.48,83.23,78.6
S0425,84,Female,1516.7,6117.92,167787.67,148880.25,155823.05,28.47,80.77,75.6
S0426,85,Male,1300.7,5519.26,161595.78,129071.49,161600.2,28.24,76.01,70.05
S0427,67,Female,1583.61,7346.45,170854.19,150094.74,168077.94,29.48,83.19,81.08
S0428,81,Male,1192.33,6284.15,170933.23,134223.52,160613.51,25.75,75.82,77.54
S0429,73,Male,1494.47,6504.05,174835.24,141327.32,168730.8,28.05,82.31,86.82
S0430,72,Male,1443.87,6794.0,162947.27,145901.08,171249.1,27.29,78.08,85.11
S0431,81,Male,1432.15,6688.81,174419.57,143047.81,160416.95,28.83,81.12,84.08
S0432,61,Male,1273.32,6911.48,183431.96,147662.08,167454.55,27.58,81.27,83.93
S0433,62,Male,1309.45,6511.22,170533.78,138756.76,166772.36,29.2,86.58,86.95
S0434,72,Female,1692.82,7024.36,176894.64,152348.84,168870.29,27.91,69.7,71.14
S0435,74,Male,1632.27,7331.45,171419.99,140569.82,167771.7,25.55,78.11,84.26
S0436,84,Female,1561.31,6551.08,172577.29,137460.33,169881.7,29.06,85.19,81.76
S0437,79,Female,1590.98,6858.21,165711.68,145580.31,162232.2,27.95,82.85,78.15
S0438,66,Male,1576.9,7232.84,175565.6,145178.78,160530.11,30.0,91.94,86.72
S0439,69,Female,1401.5,6505.59,177674.53,145202.14,161576.03,25.74,78.12,76.79
S0440,74,Female,1457.14,6484.46,177864.25,133166.7,167486.25,27.6,79.69,78.62
S0441,71,Female,1229.12,6535.35,172131.96,142770.7,162425.34,27.85,87.03,87.05
S0442,62,Female,1436.55,7304.88,173943.32,147245.7,164747.81,29.25,89.38,89.07
S0443,68,Male,1627.51,7466.24,167867.14,144080.76,162608.4,26.68,86.38,81.87
S0444,85,Female,1350.89,5868.91,162772.98,129175.6,161155.62,28.16,81.14,81.63
S0445,61,Male,1603.47,7475.14,175645.29,147277.07,171838.46,30.0,81.8,87.69
S0446,68,Female,1463.74,7246.72,170376.19,144569.2,167027.54,29.29,82.47,81.61
S0447,61,Female,1242.19,6507.17,173954.1,142969.41,163824.15,28.7,76.29,85.95
S0448,58,Male,1283.9,7416.88,173497.39,137676.24,166832.81,26.98,82.76,85.6
S0449,56,Female,1587.9,7988.53,180415.35,156755.26,170650.64,28.19,95.65,83.21
S0450,77,Female,1532.88,7466.84,177557.68,139853.91,165015.3,28.22,75.2,87.84
S0451,63,Female,1465.26,7137.18,173600.86,145252.73,161588.54,27.94,89.1,83.3
S0452,80,Male,1408.9,6459.27,162092.41,129746.32,162935.82,29.32,84.71,75.11
S0453,68,Female,1481.59,7165.48,170570.48,152092.7,163864.75,29.35,82.34,76.5
S0454,65,Male,1582.04,7412.41,179252.48,144720.97,172385.27,30.0,87.67,72.71
S0455,54,Female,1671.38,8029.98,184646.25,151456.86,172033.29,27.98,94.98,93.68
S0456,84,Male,1678.55,6888.04,172873.06,147128.84,167773.74,27.84,69.37,82.7
S0457,61,Male,1505.79,7166.87,183323.21,144214.57,166505.72,26.75,83.3,93.58
S0458,74,Female,1424.21,6987.91,170358.71,146876.7,162520.6,24.9,75.16,81.28
S0459,70,Female,1471.94,6511.53,183524.08,134943.41,171965.44,29.29,78.34,82.87
S0460,85,Male,1528.32,6394.23,172780.75,142762.62,164075.01,28.3,77.62,75.83
S0461,72,Male,1527.71,7315.69,160615.08,151252.19,162139.5,27.16,78.76,79.87
S0462,65,Female,1646.2,6894.22,186107.67,144850.1,172444.56,28.7,83.86,92.04
S0463,63,Male,1767.36,7317.8,175423.43,154308.6,167841.13,27.86,80.57,86.15
S0464,80,Female,1419.21,6605.34,163960.04,148944.77,163176.97,27.1,82.84,81.31
S0465,54,Female,1773.38,7963.25,185099.45,150887.04,180822.25,28.94,88.4,88.0
S0466,84,Female,1625.84,6311.25,161519.13,140039.48,156993.42,26.22,81.94,84.43
S0467,72,Female,1434.88,6582.46,168641.17,139206.44,163542.62,27.08,80.57,73.07
S0468,78,Male,1674.78,6502.94,180682.91,141554.06,167309.85,26.85,70.37,75.35
S0469,60,Female,1702.85,7823.42,182315.25,145859.35,173722.46,29.76,87.29,89.78
S0470,67,Male,1380.96,6724.67,177282.67,140163.56,159404.96,24.25,77.49,93.79
S0471,61,Female,1709.83,8042.4,175983.43,154693.08,163197.1,28.84,91.08,85.9
S0472,58,Male,1611.26,7486.22,171443.3,145657.96,174682.26,27.44,87.07,83.5
S0473,59,Female,1805.28,7652.0,184647.49,152016.19,168416.26,27.52,89.07,93.43
S0474,66,Male,1386.39,6749.54,178288.01,144735.99,161870.07,27.67,81.45,87.08
S0475,56,Male,1396.99,7137.22,181688.8,154411.29,174892.97,28.99,85.8,95.69
S0476,62,Female,1146.0,6657.25,173197.35,141095.8,163969.67,28.26,80.05,80.0
S0477,58,Female,1535.68,8102.24,173392.81,150171.96,169285.54,27.72,93.79,93.93
S0478,76,Female,1506.29,6572.77,183764.3,146322.69,163310.07,29.07,77.58,74.66
S0479,51,Female,1365.55,7246.42,181035.55,155559.38,163313.14,27.9,89.47,89.49
S0480,54,Male,1437.72,7361.26,177583.24,146347.33,171905.58,28.08,88.93,91.67
S0481,78,Female,1253.32,6552.06,166992.56,136852.65,162679.01,28.33,74.11,81.29
S0482,68,Male,1629.77,6713.35,176605.19,141619.65,168236.55,28.85,80.77,89.93
S0483,57,Male,1376.55,7281.35,182016.58,157228.8,166918.54,28.11,89.44,79.78
S0484,50,Female,1900.0,7929.77,186348.14,160730.13,173634.56,25.17,87.69,92.41
S0485,71,Male,1423.66,6891.47,176626.48,143246.69,168566.43,26.99,76.89,89.58
S0486,66,Male,1336.06,6620.96,173789.67,152752.05,164110.81,28.65,89.93,85.4
S0487,56,Male,1388.15,6506.0,176596.07,147123.15,167531.41,29.8,85.5,83.12
S0488,74,Male,1238.21,6453.18,172264.72,143941.91,164054.78,27.9,76.35,87.22
S0489,53,Female,1522.34,7611.85,182834.52,149869.18,170981.57,28.61,84.15,87.14
S0490,85,Female,1387.02,6006.8,166146.01,140660.27,167947.41,30.0,77.52,73.72
S0491,55,Female,1619.69,7388.03,176540.22,151509.81,162690.42,28.6,84.25,84.42
S0492,80,Female,1408.79,5994.77,170714.1,138675.44,163396.25,28.52,75.41,78.96
S0493,68,Male,1657.67,7413.43,176583.74,151592.91,164609.1,26.64,75.19,85.54
S0494,76,Male,1563.62,7025.09,169489.06,146557.97,160510.41,26.53,83.44,74.91
S0495,59,Female,1454.29,6927.72,172689.47,151967.52,165740.4,29.78,92.69,82.15
S0496,75,Female,1687.03,6818.57,176146.8,146311.37,166603.44,29.69,81.81,78.67
S0497,68,Female,1592.84,7065.28,178164.6,141948.88,167517.1,27.92,75.36,79.98
S0498,52,Male,1891.93,8774.16,182803.02,161511.56,167533.37,27.06,97.84,90.91
S0499,62,Female,1388.58,7151.41,172163.3,144604.31,163889.52,28.53,81.77,88.18
S0500,77,Female,1461.49,6289.21,166536.63,143653.23,164641.91,28.12,71.57,81.79
