Brain_Region,Feature_Type,Cognitive_Score,Pearson_Correlation,Pearson_P_Value,Spearman_Correlation,Spearman_P_Value,Regression_R2
Hippocampus,Volume,Memory_Score,0.5198049062735541,2.988204917854042e-08,0.5057426432124574,7.997190168778241e-08,0.2701971405860586
Hippocampus,ZScore,Memory_Score,0.07140632973180736,0.48019579109897015,0.03977245451776993,0.6944083525625637,0.005098863925767416
Hippocampus,Volume,Executive_Score,0.528570227396705,1.581117774169685e-08,0.5440913059743893,4.8950018039318565e-09,0.27938648529020427
Hippocampus,ZScore,Executive_Score,0.0539716210839184,0.5938123586504368,0.09893278367742805,0.3274344489882518,0.0029129358824259155
Hippocampus,Volume,MMSE,0.24160276943351394,0.015450532435939229,0.25489692384544166,0.01048692128322092,0.05837189819794375
Hippocampus,ZScore,MMSE,0.09761035421070446,0.3339736047710536,0.1016361913845639,0.3143231499620259,0.009527781249139111
Frontal_Lobe,Volume,Memory_Score,0.3246389298984089,0.0009831521525292188,0.23707455236693636,0.01755360781980721,0.10539043480558408
Frontal_Lobe,ZScore,Memory_Score,-0.14726857963150533,0.14369856392007302,-0.2586409678070186,0.009369700816114447,0.02168803454668089
Frontal_Lobe,Volume,Executive_Score,0.46629277356444726,1.0110624927269968e-06,0.4407360402462386,4.450702828332933e-06,0.21742895067842483
Frontal_Lobe,ZScore,Executive_Score,0.03445881554440029,0.7335877458250991,-0.01701185429280697,0.8665896734564892,0.0011874099687227968
Frontal_Lobe,Volume,MMSE,0.04765912296842128,0.6377357054828533,0.05090836942930045,0.6149575165226788,0.0022713920021190104
Frontal_Lobe,ZScore,MMSE,-0.14999152971643182,0.1363563463914367,-0.1482174396861108,0.14110689149245303,0.02249745898667499
Temporal_Lobe,Volume,Memory_Score,0.43892443171584405,4.921623336155791e-06,0.5006180692598056,1.1324240426382887e-07,0.19265465675707683
Temporal_Lobe,ZScore,Memory_Score,0.006079201657854783,0.9521331299048663,0.05904061255285732,0.5595617324502971,3.6956692796574764e-05
Temporal_Lobe,Volume,Executive_Score,0.5458647597441585,4.264929781976268e-09,0.5483637716733235,3.507488178126809e-09,0.29796833593054783
Temporal_Lobe,ZScore,Executive_Score,0.1605481109517321,0.11056347798240852,0.1461639318744946,0.14676084130329134,0.025775695930169595
Temporal_Lobe,Volume,MMSE,0.09117713692230106,0.3669563616390273,0.1846097922028362,0.06595548745184487,0.008313270297347741
Temporal_Lobe,ZScore,MMSE,-0.11346147649449587,0.26101987293432066,-0.12756280865627762,0.2059558365103429,0.012873506648311106
Parietal_Lobe,Volume,Memory_Score,0.43964653407789517,4.728547524948853e-06,0.40665354522634767,2.6888502142862573e-05,0.1932890749267061
Parietal_Lobe,ZScore,Memory_Score,0.10639336098016897,0.29208850566304456,0.045503096350067794,0.6530399473883851,0.011319547260656426
Parietal_Lobe,Volume,Executive_Score,0.3731146529936309,0.00013169634233799112,0.33955901194605576,0.0005478780395225234,0.1392145442785574
Parietal_Lobe,ZScore,Executive_Score,0.009668813986295141,0.923937745655472,-0.010975196296840899,0.9136979465658086,9.348596390135189e-05
Parietal_Lobe,Volume,MMSE,0.14979415527724493,0.13687877421695221,0.1823710035247773,0.06936371442170994,0.02243828895522304
Parietal_Lobe,ZScore,MMSE,0.01896870077270903,0.8514105189126765,0.028008931472273825,0.7820702410996175,0.0003598116090043346
